name,english,lon,lat,lines,line_count,total_flow,am_peak_flow,pm_peak_flow,peak_time,peak_flow,degree,betweenness,closeness,pagerank,avg_neighbor_distance,lines_joined
一大会址·新天地,Yi DaHui Zhi XinTianDi,121.475182,31.216367,"['10号线', '13号线']",2,,,,,,4,0.015811091259458763,0.09356592659719076,0.0027634965736071685,1.083389368395506,10号线;13号线
一大会址·黄陂南路,Yi DaHui Zhi HuangPi NanLu,121.472904,31.223898,"['14号线', '1号线']",2,,,,,,4,0.07303226984342395,0.09892215568862275,0.0025602599843793108,1.470476434706024,14号线;1号线
七宝,QiBao,121.349221,31.155287,['9号线'],1,62345.0,18344.0,17630.0,08:30,793.0,2,0.01038521221495184,0.07886194386098912,0.002076347024962595,1.7100300677196638,9号线
七莘路,QiXin Lu,121.362461,31.131634,['12号线'],1,,,,,,1,0.0,0.05590902937593069,0.001527770291929549,1.8213105092081614,12号线
三林,SanLin,121.511796,31.143224,['11号线'],1,28529.0,9875.0,8169.0,08:05,543.0,2,0.032144391722189455,0.07676579925650558,0.0020609007368328656,2.16364005535799,11号线
三林东,San LinDong,121.522999,31.146459,['11号线'],1,18919.0,6673.0,5449.0,07:40,309.0,2,0.030720354907393582,0.0750909090909091,0.0021552791183945875,1.3625582789899946,11号线
三林南,SanLinNan,121.486854,31.126039,['市域机场线'],1,,,,,,2,0.11308240938010525,0.08414832925835371,0.0020881958617118383,8.418363354776128,市域机场线
三门路,SanMen Lu,121.50834,31.313214,['10号线'],1,9063.0,3634.0,2720.0,08:50,178.0,2,0.031146096056451168,0.06097741030562528,0.0023258605706635766,1.030580804382347,10号线
三鲁公路,SanLu GongLu,121.527389,31.056108,['浦江线'],1,,,,,,2,0.019229413009238583,0.05203477384402167,0.002471075836407696,1.2526290911942697,浦江线
上南路,ShangNanLu,121.506447,31.14882,['6号线'],1,12995.0,4778.0,3713.0,08:10,257.0,2,0.0023404282380178774,0.07186358099878197,0.00214055397228699,0.9201995373413816,6号线
上大路,ShangDa Lu,121.408686,31.314969,['7号线'],1,14909.0,5582.0,4093.0,08:15,285.0,2,0.014000522294394597,0.05715471907002491,0.0023831478949618914,1.2832604001118888,7号线
上海体育场,ShangHai TiYuChang,121.443529,31.185605,['4号线'],1,38866.0,11906.0,10978.0,08:50,652.0,2,0.0040207867328193,0.08787234042553191,0.001626983694841911,0.9427997360649725,4号线
上海体育馆,ShangHai TiYuGuan,121.437423,31.182813,"['1号线', '4号线']",2,50942.0,15347.0,14785.0,08:50,555.0,3,0.0647786901255917,0.08974358974358974,0.0023007557519021554,1.2442196336234759,1号线;4号线
上海儿童医学中心,ShangHai ErTong YiXue ZhongXin,121.523482,31.203277,['6号线'],1,14519.0,5135.0,3414.0,08:10,224.0,2,0.01642385534866844,0.07896749521988528,0.0019230342369849955,1.1531368844560186,6号线
上海动物园,ShangHai DongWuYuan,121.368137,31.190246,['10号线'],1,14192.0,4772.0,3627.0,08:10,324.0,2,0.009614117183654958,0.0740541509772279,0.0021682914057026955,1.600735850009117,10号线
上海南站,ShangHai NanZhan,121.430041,31.154579,"['15号线', '1号线', '3号线']",3,91886.0,29238.0,24358.0,08:35,909.0,5,0.13080313455963294,0.08513708513708514,0.0041160624043398335,1.5524846841365707,15号线;1号线;3号线
上海国际旅游度假区,ShangHai GuoJi LvYou DuJiaQu,121.67973,31.156182,['市域机场线'],1,,,,,,2,0.11381220725487597,0.08518976897689769,0.002096243744439742,9.124070245493572,市域机场线
上海图书馆,ShangHai TuShuGuan,121.444363,31.20796,['10号线'],1,18145.0,5307.0,4743.0,08:15,233.0,2,0.018427777128650305,0.09492070788324523,0.0015133625389248673,1.3302096387390867,10号线
上海大学,ShangHai DaXue,121.388884,31.320586,['7号线'],1,,,,,,2,0.006025487620330794,0.05230496453900709,0.002351288672512375,1.1935216053858038,7号线
上海松江站,ShangHai SongJiang Zhan,121.230884,30.984818,['9号线'],1,,,,,,1,0.0,0.04821949795680094,0.0015485038834216732,1.8190577210702468,9号线
上海汽车城,ShangHai QiCheCheng,121.180742,31.285403,['11号线'],1,7616.0,2597.0,1945.0,07:25,200.0,2,0.019229413009238583,0.0426961645818257,0.0024516681960093586,1.946598344271663,11号线
上海游泳馆,ShangHai YouYongGuan,121.441424,31.179123,['11号线'],1,20121.0,6922.0,6138.0,08:40,386.0,2,0.03500240964948091,0.08943265482893027,0.0016213571862701767,1.5951838299377092,11号线
上海火车站,ShangHai HuoCheZhan,121.457939,31.249632,"['1号线', '3号线', '4号线']",3,164781.0,50767.0,42419.0,08:40,1371.0,4,0.16040664019971132,0.09341777878308075,0.003250814913498068,1.3400440056752152,1号线;3号线;4号线
上海科技馆,ShangHai KeJiGuan,121.544439,31.21882,['2号线'],1,30293.0,10033.0,8494.0,08:45,553.0,2,0.052897476680916794,0.09051062897216744,0.0018197264872675952,1.591984030381881,2号线
上海西站,ShangHai XiZhan,121.400926,31.262693,"['11号线', '15号线']",2,33188.0,11994.0,9580.0,08:10,568.0,4,0.1321007024640625,0.07666604789307592,0.003526538663090459,1.4397666218241458,11号线;15号线
上海财经大学,ShangHai CaiJing DaXue,121.496332,31.307672,['18号线'],1,,,,,,2,0.020438026199144144,0.06468285043069695,0.0021937536427890703,1.4286508926798596,18号线
上海赛车场,ShangHai SaiCheChang,121.226098,31.331898,['11号线'],1,4576.0,1430.0,1054.0,07:20,81.0,2,0.028703072474670303,0.04657719634600203,0.0023436656544237404,3.7966636199075383,11号线
上海马戏城,ShangHai MaXiCheng,121.452023,31.279895,['1号线'],1,46920.0,17294.0,14372.0,08:35,1151.0,2,0.042737252873833426,0.07378953010541361,0.0022828557543423467,1.1921940437449499,1号线
下南路,XiaNan Lu,121.540189,31.179295,['13号线'],1,,,,,,2,0.006169398440042698,0.07393483709273183,0.0021224935988299206,1.2338785438924909,13号线
下沙,XiaSha,121.588988,31.054396,['18号线'],1,,,,,,2,0.004842615012106538,0.052531162554057494,0.0027772337388601224,1.9901319004121294,18号线
世博会博物馆,ShiBoHui BoWuGuan,121.481592,31.197572,['13号线'],1,,,,,,2,0.007064990913341832,0.0863655374320368,0.0017689503880992006,1.527568191399864,13号线
世博大道,ShiBo DaDao,121.484313,31.182789,['13号线'],1,,,,,,2,0.005066320785425609,0.08348494036789973,0.0017997275088799077,1.3239232763031565,13号线
世纪公园,ShiJi GongYuan,121.550909,31.209421,['2号线'],1,29239.0,10828.0,8774.0,08:20,648.0,2,0.051886714194802286,0.0888363088836309,0.0018774368972544304,1.0623618932079697,2号线
世纪大道,ShiJi DaDao,121.527213,31.228682,"['2号线', '4号线', '6号线', '9号线']",4,92954.0,32333.0,28303.0,08:45,1929.0,8,0.19269788975266683,0.09422769792379648,0.006204683516984461,1.307275864590747,2号线;4号线;6号线;9号线
东兰路,DongLan Lu,121.391919,31.155826,['12号线'],1,,,,,,2,0.014457321516725827,0.0670781224622381,0.0023943763016356727,1.1877242065089226,12号线
东城一路,DongCheng YiLu,121.532093,31.03039,['浦江线'],1,,,,,,2,0.004842615012106538,0.04508241458356075,0.0027976102447913724,1.052841453383727,浦江线
东安路,DongAn Lu,121.454897,31.190819,"['4号线', '7号线']",2,46768.0,14780.0,8718.0,08:20,355.0,4,0.018762201127663993,0.09125055236411843,0.0028837481248051465,0.9759044617094066,4号线;7号线
东宝兴路,DongBaoXing Lu,121.480202,31.259886,['3号线'],1,24221.0,7902.0,6615.0,09:00,508.0,2,0.024300297839868673,0.08489208633093526,0.0018629428245641704,1.1422577628032227,3号线
东川路,DongChuan Lu,121.419901,31.018197,['5号线'],1,24832.0,8197.0,7076.0,07:50,398.0,3,0.05693598815204871,0.0477953940516144,0.0033468667978949476,1.212573769965801,5号线
东方体育中心,DongFang TiYuZhongXin,121.480304,31.153366,"['11号线', '6号线', '8号线']",3,8344.0,2888.0,2542.0,08:25,173.0,5,0.09035866360363844,0.0801786060959037,0.00460675009140871,1.986016738814976,11号线;6号线;8号线
东方绿舟,DongFang LvZhou,121.019534,31.098544,['17号线'],1,,,,,,2,0.004842615012106538,0.04062161896331268,0.002799139497056916,4.469114252608635,17号线
东明路,dong ming lu,121.510868,31.172646,"['13号线', '6号线']",2,16179.0,6001.0,4373.0,08:05,313.0,4,0.03571563986266204,0.08109169448262321,0.0035212891854765984,1.4775674842739466,13号线;6号线
东陆路,DongLu Lu,121.579124,31.282533,['12号线'],1,17207.0,6424.0,4876.0,08:00,368.0,2,0.018267820719332306,0.06336299478367598,0.002175411162523096,1.3027545565440162,12号线
东靖路,DongJing Lu,121.588736,31.290684,['6号线'],1,12718.0,4866.0,3372.0,07:55,319.0,2,0.029821486632375556,0.060371290746966816,0.0021977329065586597,1.2174166887920181,6号线
中兴路,ZhongXing Lu,121.469026,31.253228,['8号线'],1,27690.0,8852.0,7294.0,08:10,373.0,2,0.029605703180023233,0.08772302463891249,0.001786608707978294,1.1874243701150982,8号线
中华艺术宫,ZhongHua YiShu Gong,121.493626,31.185242,['8号线'],1,16596.0,3783.0,4279.0,18:20,210.0,2,0.016019437436599917,0.08473533032416906,0.0017415201449000868,1.3268127908296503,8号线
中宁路,ZhongNing Lu,121.414541,31.245059,['14号线'],1,,,,,,2,0.06385910213653655,0.08623929839214868,0.0016544352038860353,0.8245629213976173,14号线
中山公园,ZhongShan GongYuan,121.415773,31.217948,"['2号线', '3号线', '4号线']",3,126167.0,34619.0,36953.0,08:50,980.0,4,0.07817259095468924,0.09424920127795527,0.0030064197114552404,1.329564329564221,2号线;3号线;4号线
中山北路,ZhongShan BeiLu,121.459204,31.258891,['1号线'],1,33878.0,10654.0,9077.0,08:15,481.0,2,0.0519758339406192,0.08584493868218665,0.001976484502835994,1.2525029770953724,1号线
中春路,ZhongChun Lu,121.334596,31.149766,"['9号线', '市域机场线']",2,16352.0,6284.0,4747.0,08:05,323.0,4,0.1257709643172574,0.08378981537837289,0.0037794380316733055,4.9733464942221275,9号线;市域机场线
中潭路,ZhongTan Lu,121.441001,31.254568,"['3号线', '4号线']",2,35330.0,12545.0,10231.0,08:20,586.0,2,0.07743243352773714,0.0907492858712371,0.0017233285135418545,1.5521888569957607,3号线;4号线
中科路,ZhongKe Lu,121.602465,31.178862,['13号线'],1,,,,,,2,0.00966172218434848,0.07725402169846614,0.002195791569318538,1.5580996230486566,13号线
丰庄,FengZhuang,121.355141,31.242553,['13号线'],1,24496.0,8676.0,7084.0,08:15,465.0,2,0.00966172218434848,0.0689482470784641,0.0024861146859807295,1.5917416232691342,13号线
丰翔路,FengXiang Lu,121.380872,31.308218,['15号线'],1,,,,,,2,0.028975726951395518,0.05652114410838922,0.0023237146771828586,1.1651319473254613,15号线
临平路,LinPing Lu,121.500696,31.260874,['4号线'],1,30541.0,9815.0,8640.0,08:25,472.0,2,0.03962593294202443,0.08759278897136798,0.0018095250245569316,1.1880602700838767,4号线
临沂新村,LinYi XinCun,121.516695,31.193202,['6号线'],1,19169.0,7381.0,5596.0,08:45,380.0,2,0.015157703088598503,0.07810136157337368,0.0019321940118178077,1.17306831881311,6号线
临洮路,LinTao Lu,121.33086,31.263059,['14号线'],1,,,,,,2,0.00966172218434848,0.05624404194470925,0.002586529345411044,1.5437249980452767,14号线
临港大道,LinGang DaDao,121.910851,30.923519,['16号线'],1,6000.0,1030.0,1000.0,12:05,82.0,2,0.004842615012106538,0.04660347551342812,0.0027958387094293674,4.768194318903122,16号线
丹阳路,DanYang Lu,121.53116,31.253815,['18号线'],1,,,,,,2,0.02376374948046277,0.08189569700575054,0.001912545830130257,1.0538697965849442,18号线
乐秀路,LeXiu Lu,121.314103,31.265363,['14号线'],1,,,,,,2,0.004842615012106538,0.05326970205081904,0.0027722786724817157,1.6276321917397036,14号线
九亭,JiuTing,121.319423,31.137252,['9号线'],1,76508.0,28210.0,22029.0,08:05,1398.0,2,0.03808270058064365,0.07755868544600938,0.0021271927957106727,4.01019647752277,9号线
书院,ShuYuan,121.85052,30.959264,['16号线'],1,6306.0,1657.0,1553.0,07:00,124.0,2,0.00966172218434848,0.04886417415996214,0.0026226435765122286,8.10742973391423,16号线
云台路,YunTai Lu,121.500439,31.182212,['7号线'],1,17167.0,5981.0,4498.0,08:20,274.0,2,0.006279473644501688,0.0808852330591461,0.0018056440489818257,0.8343663422135459,7号线
云山路,YunShan Lu,121.571153,31.250969,"['14号线', '6号线']",2,21114.0,7334.0,6190.0,08:05,382.0,4,0.04912888033653282,0.0768801191362621,0.003640027247763355,1.318552407429943,14号线;6号线
云锦路,YunJin Lu,121.458519,31.166488,['11号线'],1,7376.0,2749.0,2254.0,08:50,206.0,2,0.06646155867612377,0.08572021585720216,0.0018490386513851853,0.8142806572623507,11号线
云顺路,YunShun Lu,121.600336,31.237064,['14号线'],1,,,,,,2,0.014457321516725827,0.0695403266543189,0.0023472698060136247,1.2361809136421997,14号线
五洲大道,WuZhou DaDao,121.589212,31.302569,['6号线'],1,6304.0,1958.0,1457.0,07:10,107.0,2,0.025284473538508757,0.05714681057146811,0.0022930455859356924,1.198305298709292,6号线
五莲路,WuLian Lu,121.587866,31.272025,['6号线'],1,18628.0,5536.0,5600.0,08:10,272.0,2,0.03157711772948878,0.06499842618822789,0.0021313967924909217,0.9581550732087016,6号线
五角场,WuJiaoChang,121.514632,31.298043,['10号线'],1,31272.0,8388.0,9388.0,08:30,505.0,2,0.04022012224418475,0.06882186302282953,0.0021309495787408964,0.8874091159633054,10号线
交通大学,JiaoTong DaXue,121.435253,31.202213,"['10号线', '11号线']",2,43959.0,14679.0,12997.0,08:40,707.0,4,0.09707035255320695,0.09566828816307621,0.002850811011983483,1.3429857304537771,10号线;11号线
人民广场,RenMin GuangChang,121.475108,31.232687,"['1号线', '2号线', '8号线']",3,208145.0,53793.0,59316.0,08:45,1948.0,6,0.10237071736123468,0.098286530223703,0.003848875273938641,1.0502985442827892,1号线;2号线;8号线
伊犁路,YiLi Lu,121.403899,31.19888,['10号线'],1,32124.0,12042.0,10293.0,08:35,814.0,2,0.01945985225757656,0.07991486068111456,0.002102644191182179,0.9648094781567724,10号线
佘山,SheShan,121.229686,31.104097,['9号线'],1,45179.0,16587.0,12362.0,07:50,1036.0,2,0.028703072474670303,0.0674505961130165,0.002344261102936115,2.745115191650963,9号线
元江路,YuanJiang Lu,121.431901,31.062815,['15号线'],1,,,,,,2,0.00966172218434848,0.06003779619130688,0.0025980161153346805,2.6545873594015155,15号线
兆丰路,ZhaoFeng Lu,121.150315,31.289048,['11号线'],1,12726.0,4122.0,3465.0,07:40,219.0,2,0.00966172218434848,0.03938209211404596,0.0026175766487443316,2.1788536873776376,11号线
光明路,GuangMing Lu,121.117186,31.29621,['11号线'],1,7236.0,2206.0,1889.0,07:35,131.0,2,0.004842615012106538,0.03790033954299348,0.002793730665806963,2.2473361385957715,11号线
共富新村,GongFu XinCun,121.434063,31.355082,['1号线'],1,43459.0,15483.0,12148.0,07:55,763.0,2,0.014457321516725827,0.051605647882044234,0.002531025486203136,1.6908335188864556,1号线
共康路,GongKang Lu,121.447063,31.318936,['1号线'],1,44975.0,15117.0,13075.0,18:50,761.0,2,0.028703072474670303,0.060815785598586365,0.0024120121110616016,1.4165452031386483,1号线
凌兆新村,LingZhao XinCun,121.489663,31.141301,['8号线'],1,12041.0,4118.0,3341.0,07:55,211.0,2,0.04736829732715861,0.07450838895904745,0.0020973451449140678,2.1070938518507822,8号线
凌空路,LingKong Lu,121.724095,31.192861,['2号线'],1,5860.0,2150.0,1489.0,08:00,145.0,2,0.008701052229367259,0.06914448350912439,0.0023276704920347367,2.8050544203991894,2号线
刘行,LiuHang,121.362376,31.357586,['7号线'],1,15753.0,5768.0,3911.0,07:40,360.0,2,0.014457321516725827,0.04869708760759344,0.002386271069687904,1.3614948834411207,7号线
创新中路,ChuangXin ZhongLu,121.673713,31.213871,['2号线'],1,3267.0,1122.0,883.0,07:45,71.0,2,0.0016219516766459252,0.062208163880102425,0.0023652844708414037,1.8512428298687993,2号线
剑川路,JianChuan Lu,121.416582,31.026483,['5号线'],1,13211.0,4488.0,3728.0,07:30,280.0,2,0.06112038364794659,0.05004240882103478,0.002310520940227317,1.5684710469890975,5号线
北中路,BeiZhong Lu,121.561355,31.182762,['18号线'],1,,,,,,2,0.000388662952427968,0.07770460959548448,0.0019515528714906295,1.2739052139573892,18号线
北新泾,BeiXinJing,121.373998,31.216395,['2号线'],1,37904.0,12844.0,10422.0,08:55,632.0,2,0.07358056343056577,0.08324934489014311,0.0020781540971788258,1.332553691292067,2号线
北桥,BeiQiao,121.410054,31.045112,['5号线'],1,18001.0,6432.0,4914.0,07:20,321.0,2,0.0656573967418134,0.052497775517986525,0.0023520417632212328,2.3599426228357068,5号线
北洋泾路,BeiYangJing Lu,121.552314,31.239145,['6号线'],1,13339.0,4176.0,3585.0,08:05,184.0,2,0.004277517325837692,0.08030332490764146,0.001894809825342711,1.1210386965362718,6号线
北蔡,BeiCai,121.552017,31.180131,['13号线'],1,,,,,,2,0.005737973607480092,0.07365792759051186,0.002129303998732546,0.9703950208612617,13号线
华东理工大学,HuaDong LiGong DaXue,121.42899,31.144257,['15号线'],1,,,,,,2,0.058335683561944233,0.08263305322128851,0.001936439889788137,1.3533282061950296,15号线
华夏东路,HuaXia DongLu,121.680972,31.196575,['2号线'],1,21139.0,8042.0,5939.0,07:45,430.0,2,0.0007259282812923372,0.060941419507156556,0.0023706239516859727,2.0071247232606675,2号线
华夏中路,HuaXia ZhongLu,121.583109,31.175759,"['13号线', '16号线']",2,1740.0,619.0,605.0,08:45,48.0,4,0.11454818006105079,0.08363710004050223,0.0036065586950966085,2.5582148556430635,13号线;16号线
华夏西路,HuaXia XiLu,121.514539,31.149878,['6号线'],1,11701.0,4346.0,3100.0,07:35,211.0,2,0.002155700460669212,0.07177615571776155,0.0021281225656863186,0.9502366876551336,6号线
华宁路,HuaNing Lu,121.395255,31.007467,['5号线'],1,10183.0,3749.0,2493.0,07:40,273.0,2,0.00966172218434848,0.04368059227921735,0.002544181645104582,1.4652208032783225,5号线
华鹏路,HuaPeng Lu,121.526567,31.176276,['13号线'],1,,,,,,2,0.008258447816581204,0.07591911764705882,0.002012952624389928,1.4429226389576972,13号线
南京东路,NanJing DongLu,121.484628,31.238101,"['10号线', '2号线']",2,140968.0,38012.0,37528.0,08:45,1166.0,4,0.08766419615587051,0.09660818713450292,0.002757498784095637,1.1442249711989614,10号线;2号线
南京西路,NanJing XiLu,121.459971,31.229853,"['12号线', '13号线', '2号线']",3,100146.0,28900.0,28541.0,08:35,1809.0,6,0.12186324426134297,0.10002421893921046,0.003871910116432018,1.3108956535346576,12号线;13号线;2号线
南大路,NanDaLu,121.380346,31.299263,['15号线'],1,,,,,,2,0.0334931501787085,0.05965621840242669,0.002321417272554609,0.9765654875444598,15号线
南浦大桥,NanPu DaQiao,121.499725,31.208504,['4号线'],1,23490.0,7769.0,6155.0,08:35,391.0,2,0.005589668623423408,0.08480492813141684,0.0018539345011948784,1.509481713992929,4号线
南翔,NanXiang,121.323141,31.296952,['11号线'],1,57048.0,19855.0,16284.0,08:05,1014.0,2,0.06112038364794659,0.0565986021652734,0.002354671891508482,2.4607227725212404,11号线
南陈路,NanChen Lu,121.398419,31.32174,['7号线'],1,10241.0,3920.0,2625.0,07:55,251.0,2,0.009865101464881268,0.05458630716362675,0.0023745082997560962,1.0734348624265293,7号线
博兴路,BoXing Lu,121.586689,31.26352,['6号线'],1,23992.0,8878.0,7141.0,08:20,457.0,2,0.03445770744084833,0.06762731291960046,0.002137319678325832,0.9023598361588971,6号线
友谊西路,YouYi XiLu,121.427953,31.381296,['1号线'],1,10001.0,3615.0,2746.0,07:50,175.0,2,0.004842615012106538,0.0468200884253486,0.002797931038078189,1.2970062565922342,1号线
友谊路,YouYi Lu,121.475924,31.404016,['3号线'],1,14776.0,5045.0,3682.0,07:50,274.0,2,0.00966172218434848,0.04533977385003842,0.0026189682580616764,1.2515806416422752,3号线
双柏路,ShuangBai Lu,121.42175,31.083214,['15号线'],1,,,,,,2,0.014457321516725827,0.06382321125019318,0.0024853361252769896,1.6838783609040433,15号线
双江路,ShuangJiang Lu,121.539425,31.353601,['10号线'],1,,,,,,2,0.013820818076244776,0.0500848896434635,0.0023981598311337395,1.9537462148514795,10号线
古浪路,GuLang Lu,121.392217,31.284509,['15号线'],1,,,,,,2,0.04252799663333449,0.06709991876523153,0.0022044226618831647,1.0193681933859131,15号线
台儿庄路,TaiErZhuang Lu,121.597458,31.252825,['9号线'],1,,,,,,2,0.032781122980704534,0.07476466328747285,0.0020872950413776577,1.930353930305192,9号线
合川路,HeChuan Lu,121.384772,31.166542,['9号线'],1,48699.0,18971.0,16308.0,08:25,1014.0,2,0.010893750524630411,0.07934678194044188,0.0021133315250597873,1.5477183720377545,9号线
同济大学,TongJi DaXue,121.506357,31.282086,['10号线'],1,26698.0,8862.0,7506.0,08:20,474.0,2,0.037053964479827,0.07450838895904745,0.0019325137014107794,0.8987046037827574,10号线
后滩,HouTan,121.473756,31.171918,['7号线'],1,5401.0,2247.0,1650.0,08:40,167.0,2,0.02478750751326991,0.0855958549222798,0.0016795657025926178,1.7353476284622174,7号线
向城路,XiangCheng Lu,121.53208,31.222285,['4号线'],1,,,,,,2,0.012647544770475855,0.08815368196371398,0.0017610934895721092,1.0511981894881341,4号线
吴中路,WuZhongLu,121.413905,31.184345,['15号线'],1,,,,,,2,0.00656119499475009,0.08099627377917239,0.0019338828444674062,1.1032077395073432,15号线
周浦,ZhouPu,121.567613,31.114129,['18号线'],1,,,,,,2,0.023977996661886738,0.06624959897337183,0.0022750573582512594,1.7766820893360955,18号线
周浦东,Zhou PuDong,121.606895,31.110038,['16号线'],1,21952.0,7533.0,6298.0,08:40,421.0,2,0.042737252873833426,0.07325292656970557,0.002123659647489434,4.294803694057407,16号线
呼兰路,HuLan Lu,121.437711,31.339703,['1号线'],1,22701.0,8984.0,5972.0,07:50,398.0,2,0.019229413009238583,0.05436356456495985,0.0024736280087939385,1.3826460924937465,1号线
唐镇,TangZhen,121.656269,31.214107,['2号线'],1,33742.0,14036.0,9849.0,08:00,853.0,2,0.005768023207290871,0.06621773288439955,0.0023438138353636256,2.5117662440090536,2号线
商城路,ShangCheng Lu,121.516275,31.230258,['9号线'],1,61401.0,20764.0,18930.0,08:45,1478.0,2,0.033325244416661404,0.09129089301503095,0.0017671892749318873,1.6572852867581092,9号线
嘉善路,JiaShan Lu,121.460704,31.20282,"['12号线', '9号线']",2,46474.0,14135.0,13586.0,08:45,790.0,4,0.039234822057562915,0.09455128205128205,0.0027840310109448247,1.076689115944439,12号线;9号线
嘉定北,JiaDing Bei,121.23735,31.391549,['11号线'],1,31695.0,10296.0,7767.0,08:00,515.0,1,0.0,0.0425904919047128,0.0015056012785092596,1.8415291325827627,11号线
嘉定新城,JiaDingXinCheng,121.254294,31.330062,['11号线'],1,25907.0,9217.0,7062.0,07:40,503.0,3,0.04761512964573685,0.04877760718081965,0.0033976619557111675,2.3419239452285043,11号线
嘉定西,Jia DingXi,121.227855,31.377107,['11号线'],1,18090.0,5713.0,5259.0,07:25,340.0,2,0.004842615012106538,0.04448034464189553,0.0026932826723930292,2.871522818539183,11号线
嘉怡路,JiaYi Lu,121.345697,31.259195,['14号线'],1,,,,,,2,0.014457321516725827,0.05955299206921413,0.0024655290451862473,1.5459414228794024,14号线
嘉松中路,JiaSong ZhongLu,121.223916,31.164099,['17号线'],1,,,,,,2,0.03808270058064365,0.05627469682518054,0.002405760672587676,2.5699633949734624,17号线
四川北路,SiChuan BeiLu,121.484208,31.252035,['10号线'],1,39091.0,13829.0,11937.0,08:25,865.0,2,0.0042405967551128465,0.08796592119275826,0.0017317667804469118,0.9226784210885799,10号线
四平路,SiPing Lu,121.501488,31.27488,"['10号线', '8号线']",2,30521.0,10392.0,8248.0,08:40,521.0,4,0.05211276305028197,0.07963748553798689,0.0035805386721042927,0.9299175929055907,10号线;8号线
国家会展中心(17号线),GuoJia HuiZhan ZhongXin (17 Hao Xian),121.29304,31.191678,['17号线'],1,,,,,,2,0.05655986271421519,0.07161435755158661,0.002251122810750231,1.985614296058663,17号线
国家会展中心(2号线),GuoJia HuiZhan ZhongXin (2 Hao Xian),121.299204,31.188367,['2号线'],1,,,,,,2,0.004842615012106538,0.07134220072551391,0.0024596656783958093,1.7228095381379809,2号线
国帆路,GuoFan Lu,121.513168,31.339548,['10号线'],1,,,,,,2,0.01797191079900115,0.052324844799189155,0.002397159596772701,2.1530405238892074,10号线
国权路,GuoQuan Lu,121.510024,31.289276,"['10号线', '18号线']",2,25177.0,8937.0,7201.0,08:25,462.0,4,0.07319098794718037,0.07355298308103295,0.003813874242801655,1.0103626945419075,10号线;18号线
国际客运中心,GuoJi KeYun ZhongXin,121.498158,31.25016,['12号线'],1,20733.0,7986.0,6621.0,08:45,505.0,2,0.01686644057269739,0.08645593468704207,0.0018049013005172335,1.282565066788229,12号线
场中路,ChangZhong Lu,121.413458,31.303682,['7号线'],1,24041.0,8360.0,6304.0,07:55,425.0,2,0.018447422002113783,0.06036246711487869,0.0023802621247902057,1.2607213767906689,7号线
基隆路,JiLong Lu,121.590411,31.351311,['10号线'],1,,,,,,1,0.0,0.04492060039155971,0.001368487861764921,1.4771747890501052,10号线
塘桥,TangQiao,121.51869,31.209762,['4号线'],1,43821.0,14471.0,11375.0,08:40,851.0,2,0.004743628929502944,0.0836709886547812,0.0018896892279168726,1.342549628971689,4号线
复兴岛,FuXingDao,121.561315,31.280779,['12号线'],1,2404.0,764.0,514.0,16:45,80.0,2,0.020391561654207028,0.06469298245614036,0.0022409066147660475,1.266953121219841,12号线
复旦大学,FuDanDaXue,121.499529,31.296349,['18号线'],1,,,,,,2,0.024963285373078646,0.06883333333333333,0.002103928293385905,1.2826110183499888,18号线
外环路,WaiHuan Lu,121.39302,31.120899,['1号线'],1,26394.0,9749.0,7504.0,08:10,455.0,2,0.08798984461317849,0.06921401039048097,0.0022796080171862583,1.3813102386166078,1号线
外高桥保税区北,WaiGaoQiao BaoShuiQu Bei,121.586926,31.347802,['6号线'],1,10321.0,3444.0,2463.0,08:30,159.0,2,0.008570220663388105,0.04749310027598896,0.0023806537361312115,1.4086514832713781,6号线
外高桥保税区南,WaiGaoQiao BaoShuiQu Nan,121.601963,31.321578,['6号线'],1,11537.0,4596.0,3272.0,08:40,327.0,2,0.01629076580364584,0.05163145393174147,0.002370892208582156,1.6470723665196354,6号线
大世界,DaShiJie,121.479182,31.227392,"['14号线', '8号线']",2,53413.0,16561.0,16083.0,08:45,1050.0,4,0.038450308724083074,0.0974056603773585,0.0026033443708384546,0.8083674788299575,14号线;8号线
大华三路,DaHua San Lu,121.422949,31.274047,['7号线'],1,37488.0,12427.0,10811.0,08:05,619.0,2,0.031999691684052714,0.07258347978910369,0.002269139222414313,1.1504394756173357,7号线
大场镇,DaChangZhen,121.416157,31.293259,['7号线'],1,11578.0,4288.0,3258.0,08:10,254.0,2,0.02296484522942674,0.06395168782904924,0.002365036108463502,1.148920727655701,7号线
大木桥路,DaMuQiao Lu,121.463278,31.194057,"['12号线', '4号线']",2,,,,,,4,0.03424442310745235,0.09121024734982332,0.0029075406412191955,1.0934671248516679,12号线;4号线
大柏树,DaBaiShu,121.483216,31.289433,['3号线'],1,38803.0,14201.0,10631.0,08:45,775.0,2,0.03600429731574809,0.07008314949940607,0.002193577978832521,1.357894529933955,3号线
大渡河路,DaDuHe Lu,121.394431,31.231752,"['13号线', '15号线']",2,39108.0,15095.0,11679.0,08:40,771.0,4,0.0667732846849515,0.08654652137468567,0.003401795616941521,1.2562456877074029,13号线;15号线
大连路,DaLian Lu,121.513088,31.257938,"['12号线', '4号线']",2,49698.0,17495.0,14214.0,08:40,911.0,4,0.0974516866555775,0.08807848155256985,0.0034362509614378873,1.0048325735203765,12号线;4号线
天潼路,TianTong Lu,121.482321,31.243815,"['10号线', '12号线']",2,34562.0,9722.0,8210.0,08:20,541.0,4,0.03539779622167859,0.09285071942446044,0.0030696877576677777,1.0761395748423563,10号线;12号线
奉浦大道,FengPu DaDao,121.448984,30.942055,['5号线'],1,,,,,,2,0.019229413009238583,0.04031234748657882,0.002462456809776872,2.276902747784608,5号线
奉贤新城,FengXian XinCheng,121.49629,30.913916,['5号线'],1,,,,,,1,0.0,0.03476138372190893,0.0015494676597494273,1.6944738328129476,5号线
姚虹路,YaoHong Lu,121.406405,31.19155,['15号线'],1,,,,,,2,0.005769941933975416,0.08109169448262321,0.0020128034562521386,1.0942962439372934,15号线
威宁路,WeiNing Lu,121.387285,31.21487,['2号线'],1,39515.0,13317.0,11208.0,08:40,726.0,2,0.07545629315309488,0.08623929839214868,0.001976650825155286,1.4612546616496134,2号线
娄山关路,LouShanGuan Lu,121.404058,31.211158,"['15号线', '2号线']",2,84687.0,27511.0,25726.0,08:40,1615.0,4,0.0887253538822937,0.0903522205206738,0.0034418892067634385,1.5487961194886184,15号线;2号线
嫩江路,NenJiang Lu,121.531954,31.314804,['8号线'],1,20861.0,6327.0,6104.0,08:10,292.0,2,0.004842615012106538,0.05647477095583208,0.0027560736150240863,0.9853002027140048,8号线
学林路,XueLin Lu,121.614363,31.183476,['13号线'],1,,,,,,2,0.004842615012106538,0.07175121612230716,0.0025101708051580803,1.393116371148694,13号线
宁国路,NingGuo Lu,121.532352,31.268574,['12号线'],1,31219.0,10898.0,8748.0,08:40,580.0,2,0.03255178258113385,0.07754412316935787,0.002048064515784483,1.160581096312371,12号线
安亭,AnTing,121.161985,31.28849,['11号线'],1,18253.0,4857.0,5098.0,07:35,244.0,2,0.014457321516725827,0.04097628733009227,0.002519677990394046,1.4628901081501144,11号线
宋园路,SongYuan Lu,121.41208,31.19654,['10号线'],1,23380.0,8495.0,7033.0,08:30,526.0,2,0.022701389900327076,0.08419979612640163,0.0019235314975057569,0.8291961113303286,10号线
定边路,DingBian Lu,121.362396,31.256392,['14号线'],1,,,,,,2,0.019229413009238583,0.06325624138459182,0.0023580833976618474,1.265159731465418,14号线
宜山路,YiShan Lu,121.427194,31.186717,"['3号线', '4号线', '9号线']",3,88397.0,29462.0,26236.0,08:40,1018.0,4,0.0399937169263637,0.08976309497935231,0.003051820795433329,1.4490097905249961,3号线;4号线;9号线
宝安公路,BaoAn GongLu,121.430914,31.369555,['1号线'],1,28166.0,10365.0,7639.0,07:45,528.0,2,0.00966172218434848,0.049102365949352036,0.0026254692728026477,1.4861615247694917,1号线
宝山路,BaoShan Lu,121.476298,31.251523,"['3号线', '4号线']",2,23181.0,7252.0,5481.0,08:10,313.0,3,0.11121469356253089,0.09147286821705426,0.0025621882319679843,1.407035230783002,3号线;4号线
宝杨路,BaoYang Lu,121.479574,31.395315,['3号线'],1,10349.0,3434.0,2370.0,08:00,222.0,2,0.014457321516725827,0.04746580852775543,0.00251926717427792,1.3949739085347135,3号线
富锦路,FuJin Lu,121.424661,31.39226,['1号线'],1,35417.0,13051.0,8828.0,07:55,757.0,1,0.0,0.04473085670962851,0.001550552733164244,1.2585526803183569,1号线
封浜,FengBang,121.297006,31.267488,['14号线'],1,,,,,,1,0.0,0.05058175137783221,0.001539530125884293,1.6420793692407467,14号线
小南门,XiaoNanMen,121.498398,31.216866,['9号线'],1,32284.0,10778.0,8921.0,08:25,543.0,2,0.0335569331747612,0.0917981773727495,0.001754113741571686,1.7786251847288528,9号线
岚皋路,LanGao Lu,121.421939,31.256198,['7号线'],1,27181.0,8412.0,7978.0,08:55,486.0,2,0.04103453813867868,0.08390898008939456,0.0019482697449822418,1.088544050170092,7号线
川沙,ChuanSha,121.69821,31.186741,['2号线'],1,27911.0,9693.0,7378.0,08:10,510.0,2,0.003975976416583692,0.06478431372549019,0.0023584828784733954,2.2627079191104036,2号线
巨峰路,JuFeng Lu,121.588365,31.280684,"['12号线', '6号线']",2,24315.0,8848.0,7531.0,07:50,283.0,4,0.04656246757136444,0.06398140975987607,0.004053590155964452,1.0917433706192354,12号线;6号线
市光路,ShiGuang Lu,121.531933,31.322724,['8号线'],1,28382.0,10782.0,7386.0,07:55,601.0,1,0.0,0.05346278317152103,0.001533569234066871,0.8806660783415022,8号线
常熟路,ChangShu Lu,121.449141,31.213524,"['1号线', '7号线']",2,58223.0,18923.0,14866.0,09:00,568.0,4,0.04298609522271757,0.09542513863216266,0.002691478141271262,1.160271883261878,1号线;7号线
平凉路,PingLiang Lu,121.526701,31.259038,['18号线'],1,,,,,,2,0.023415650543292057,0.08069558421258304,0.0019319076674160045,0.698578988813894,18号线
广兰路,GuangLan Lu,121.621072,31.21105,['2号线'],1,71152.0,28269.0,22102.0,08:30,1516.0,2,0.010493099020074427,0.07077977720651242,0.002295399223765539,2.666055036495966,2号线
康恒路,KangHeng Lu,121.553699,31.154229,['11号线'],1,,,,,,2,0.030756373599367767,0.07481884057971014,0.0020675886125358033,1.57108150505201,11号线
康新公路,KangXin GongLu,121.617199,31.130439,['11号线'],1,,,,,,2,0.004842615012106538,0.06812933025404157,0.0025435956663647755,3.481360140577219,11号线
康桥,KangQiao,121.567306,31.134239,['18号线'],1,,,,,,2,0.028703072474670303,0.0708161865569273,0.002117383251848349,2.4575434390822957,18号线
康桥东,KangQiao Dong,121.614894,31.146808,['市域机场线'],1,,,,,,2,0.1131746776515738,0.08428571428571428,0.002140864928336179,9.330256024886435,市域机场线
延吉中路,YanJi ZhongLu,121.534941,31.288543,['8号线'],1,27141.0,9651.0,7233.0,08:10,522.0,2,0.019229413009238583,0.06782722943011989,0.002291184813689985,1.011562855561105,8号线
延安西路,YanAn XiLu,121.417062,31.209616,"['3号线', '4号线']",2,51455.0,18201.0,15378.0,08:40,1281.0,2,0.010367115745183682,0.08925869894099848,0.0016691293921932582,1.1628335654907582,3号线;4号线
延长路,YanChang Lu,121.455329,31.271675,['1号线'],1,54109.0,16983.0,13980.0,08:35,707.0,2,0.04736829732715861,0.0793772823371132,0.0021722397184585065,1.2174843467808905,1号线
张华浜,ZhangHuaBang,121.498671,31.358016,['3号线'],1,3074.0,1073.0,720.0,08:10,68.0,2,0.028703072474670303,0.05514754973961811,0.002348124116775156,1.490559667971124,3号线
张江路,ZhangJiang Lu,121.629182,31.18913,['13号线'],1,,,,,,1,0.0,0.06695849546044098,0.0014292659847538838,1.5435127861963178,13号线
张江高科,ZhangJiang GaoKe,121.58749,31.201872,['2号线'],1,69535.0,27767.0,22102.0,08:25,1794.0,2,0.01994325064564156,0.08209103557940767,0.002041490907313684,2.1246174136887594,2号线
彭浦新村,PengPuXinCun,121.448642,31.306604,['1号线'],1,62397.0,20394.0,18002.0,18:45,1027.0,2,0.03340464044758927,0.06462212486308871,0.0023851169273460065,1.4744825218777704,1号线
徐家汇,XuJiaHui,121.436603,31.195514,"['11号线', '1号线', '9号线']",3,160460.0,43535.0,45252.0,08:50,1515.0,6,0.12477500097667996,0.0945945945945946,0.004187291688356979,1.3519283636290795,11号线;1号线;9号线
徐泾北城,XuJing BeiCheng,121.241668,31.175518,['17号线'],1,,,,,,2,0.042737252873833426,0.0594843727495319,0.0023906897506523507,1.659328316992228,17号线
徐盈路,XuYing Lu,121.253976,31.178101,['17号线'],1,,,,,,2,0.04736829732715861,0.06306306306306306,0.002366278655334,1.8621997552407858,17号线
御桥,YuQiao,121.570914,31.158131,"['11号线', '18号线']",2,23603.0,8326.0,6583.0,08:00,457.0,4,0.054913921188772585,0.07603092783505154,0.0037102066925305687,1.9628557559912987,11号线;18号线
德平路,DePing Lu,121.564237,31.2454,['6号线'],1,23686.0,7682.0,6416.0,08:00,350.0,2,0.0005886754899425624,0.07530999270605397,0.0019410859603707486,1.1165312459436831,6号线
惠南,HuiNan,121.761677,31.053828,['16号线'],1,29706.0,8053.0,7342.0,07:50,404.0,2,0.019229413009238583,0.054071746530505366,0.002465145597660132,5.1397431319848215,16号线
惠南东,HuiNan Dong,121.7938,31.026448,['16号线'],1,3177.0,1062.0,715.0,07:05,111.0,2,0.014457321516725827,0.05134261561412233,0.002525940251043722,6.76927358848196,16号线
成山路,cheng shan lu,121.49622,31.170735,"['13号线', '8号线']",2,37000.0,12571.0,9575.0,08:00,545.0,4,0.0401433470793115,0.08202581926514399,0.0032690643349270604,1.0750257708845654,13号线;8号线
打浦桥,DaPuQiao,121.468681,31.206309,['9号线'],1,73807.0,18373.0,20064.0,08:50,1030.0,2,0.008182394847081062,0.09076923076923077,0.0015956981297174677,0.8711839319058831,9号线
抚顺路,FuShun Lu,121.515793,31.283664,['18号线'],1,,,,,,2,0.03779628516446245,0.07322695035460992,0.0019478086358155923,0.9153421181721926,18号线
提篮桥,TiLanQiao,121.506801,31.253518,['12号线'],1,18072.0,6958.0,5233.0,08:50,424.0,2,0.01567631798221278,0.08508446641944788,0.0018593594213967733,0.8381145579623062,12号线
文井路,WenJing Lu,121.380775,31.003597,['5号线'],1,4459.0,1898.0,1310.0,17:05,157.0,2,0.004842615012106538,0.04186517992904207,0.0027428137640535507,1.275255598246822,5号线
新场,XinChang,121.64898,31.045561,['16号线'],1,17258.0,5579.0,4685.0,07:35,339.0,2,0.028703072474670303,0.060450819672131145,0.0023847265204160824,3.9949683711353376,16号线
新村路,XinCun Lu,121.422668,31.263855,['7号线'],1,34879.0,10980.0,9573.0,18:20,539.0,2,0.036517114911365695,0.07783641160949868,0.002154627505259409,0.9939239633325399,7号线
新江湾城,XinJiangWanCheng,121.506951,31.328496,['10号线'],1,16307.0,6139.0,4672.0,08:20,316.0,2,0.02226209157428971,0.054861849096705634,0.0023847620334425355,1.0558420097525982,10号线
新闸路,XinZha Lu,121.468151,31.238373,['1号线'],1,22989.0,7681.0,5847.0,08:45,484.0,2,0.005525305700079072,0.09198218262806236,0.0014977816196749193,0.9473672391689856,1号线
昌吉东路,ChangJi DongLu,121.200384,31.29362,['11号线'],1,5267.0,1655.0,1553.0,07:25,102.0,2,0.023977996661886738,0.04455712590354947,0.0024031184524614755,3.4927806726975175,11号线
昌平路,ChangPing Lu,121.442617,31.233749,['7号线'],1,44330.0,14884.0,12531.0,08:45,681.0,2,0.009254427590580405,0.09208472686733556,0.0015461465001534742,1.059752229678256,7号线
昌邑路,ChangYi Lu,121.540104,31.24394,"['14号线', '18号线']",2,,,,,,4,0.034607691948842334,0.08447535283289016,0.0034331518321709695,1.1444897893704673,14号线;18号线
星中路,XingZhong Lu,121.368903,31.158109,['9号线'],1,14695.0,4570.0,3971.0,08:05,228.0,2,0.009815180212187503,0.07788044503111446,0.0021425768554058674,1.8381866776423816,9号线
春申路,ChunShen Lu,121.385818,31.09825,['5号线'],1,8664.0,3079.0,2596.0,07:55,148.0,2,0.07912738898422624,0.061449189108763576,0.0023644866084080803,1.2560773159377212,5号线
景洪路,JingHong Lu,121.44431,31.109817,"['15号线', '市域机场线']",2,,,,,,4,0.15471020558957932,0.08499691294505042,0.003841694293051629,4.693651726199102,15号线;市域机场线
景西路,JingXi Lu,121.41876,31.099727,['15号线'],1,,,,,,2,0.023977996661886738,0.0729553082494259,0.002295765042809484,1.2257877171078686,15号线
曙建路,ShuJian Lu,121.417897,31.090625,['15号线'],1,,,,,,2,0.019229413009238583,0.06809563066776587,0.0023926201280698965,0.9587407241201464,15号线
曲阜路,QuFu Lu,121.471543,31.242307,"['12号线', '8号线']",2,35541.0,9279.0,9962.0,08:50,475.0,4,0.058243449141407694,0.0944,0.0029091920379892646,1.1550215080480002,12号线;8号线
曲阳路,QuYang Lu,121.491138,31.276524,['8号线'],1,31724.0,11245.0,8545.0,08:10,551.0,2,0.0039071988841612015,0.0774859287054409,0.0018974009642024686,1.1371804815069742,8号线
曹杨路,CaoYang Lu,121.417701,31.239302,"['11号线', '14号线', '3号线', '4号线']",4,74838.0,25504.0,20603.0,08:25,709.0,6,0.17343843553950392,0.09264244055630327,0.004246656738680495,1.021098956359922,11号线;14号线;3号线;4号线
曹路,CaoLu,121.683153,31.271297,['9号线'],1,,,,,,1,0.0,0.05256459208349243,0.0014950796243099226,1.465772581392052,9号线
望园路,WangYuan Lu,121.48358,30.93194,['5号线'],1,,,,,,2,0.00966172218434848,0.037345148747626365,0.002621668431981263,1.4326807783651914,5号线
朱家角,ZhuJiaJiao,121.048989,31.100594,['17号线'],1,,,,,,2,0.00966172218434848,0.04232858460592395,0.0026272860886604214,3.8633052795437015,17号线
朱梅路,ZhuMei Lu,121.437804,31.124364,['15号线'],1,,,,,,2,0.057436825778127705,0.08178217821782179,0.0020529271754985813,1.2768257239801457,15号线
李子园,LiZiYuan,121.389969,31.26902,['11号线'],1,,,,,,2,0.07912738898422624,0.07163920208152645,0.0020505266341137285,1.306497969372694,11号线
杨思,YangSi,121.493443,31.161054,['8号线'],1,34218.0,12463.0,9641.0,08:20,656.0,2,0.02021114994475717,0.0793010752688172,0.0018397368042380288,1.3114975587467943,8号线
杨树浦路,YangShuPu Lu,121.51721,31.251935,['4号线'],1,31177.0,11644.0,8790.0,08:10,637.0,2,0.05695746242137661,0.08870274914089347,0.0017826863364418725,1.0410387045393321,4号线
杨高中路,YangGao ZhongLu,121.548664,31.22751,"['18号线', '9号线']",2,42308.0,15851.0,12108.0,08:20,853.0,4,0.17894237051372877,0.09208472686733556,0.003281769615203371,1.2238173701000987,18号线;9号线
杨高北路,YangGao BeiLu,121.60296,31.280092,['12号线'],1,13739.0,4839.0,3919.0,07:50,276.0,2,0.005207546240480724,0.06029197080291971,0.002176826006011582,1.2892150326557914,12号线
杨高南路,YangGao NanLu,121.524539,31.187613,['7号线'],1,32547.0,12435.0,9396.0,08:10,639.0,2,0.014617537346987175,0.07866666666666666,0.001983577938621222,1.4437435775217402,7号线
松江体育中心,SongJiang TiYuZhongXin,121.230546,31.016006,['9号线'],1,20477.0,6545.0,5247.0,07:15,425.0,2,0.00966172218434848,0.053338499289681,0.0026182801245212333,1.6237559867779319,9号线
松江大学城,SongJiang DaXueCheng,121.232577,31.053984,['9号线'],1,43639.0,13556.0,11761.0,07:55,757.0,2,0.019229413009238583,0.059604560542646845,0.002452414298664425,3.019079481413443,9号线
松江新城,SongJiang XinCheng,121.230739,31.030295,['9号线'],1,19601.0,6169.0,4933.0,07:35,295.0,2,0.014457321516725827,0.05630538513974097,0.0025189270709581636,2.114440626211776,9号线
枫桥路,FengQiao Lu,121.411402,31.24185,['11号线'],1,28576.0,9705.0,7841.0,08:20,446.0,2,0.06385910213653655,0.08623929839214868,0.0016544352038860353,0.8653951559324375,11号线
桂林公园,GuiLin GongYuan,121.419647,31.166985,"['12号线', '15号线']",2,,,,,,4,0.03926528994172803,0.08351870576339737,0.0032862017792714055,1.1991771815980774,12号线;15号线
桂林路,GuiLin Lu,121.418064,31.174791,"['15号线', '9号线']",2,60564.0,22071.0,17910.0,08:20,1288.0,4,0.039397031301038755,0.08586278586278587,0.0033716954278003326,1.3962463476841154,15号线;9号线
桂桥路,GuiQiao Lu,121.635087,31.249419,['14号线'],1,,,,,,1,0.0,0.05760915050913656,0.0015197555217469354,0.9984364225919345,14号线
桃浦新村,TaoPu XinCun,121.349623,31.281603,['11号线'],1,32955.0,11500.0,9197.0,08:00,595.0,2,0.0656573967418134,0.05975980321227029,0.002339621919467853,2.286897062443393,11号线
梅岭北路,MeiLing BeiLu,121.396997,31.243301,['15号线'],1,,,,,,2,0.04026133878432703,0.08098039215686274,0.0018163467665412928,1.0667833912904734,15号线
歇浦路,XiePu Lu,121.551506,31.250728,['14号线'],1,,,,,,2,0.011912206562043887,0.07890714558654949,0.001865282949403878,1.5943454542915378,14号线
武威东路,WuWei DongLu,121.392094,31.275647,['15号线'],1,,,,,,2,0.04704541986064746,0.07156472015248658,0.002048585204975485,1.3263199290321723,15号线
武威路,WuWei Lu,121.364678,31.276646,['11号线'],1,4587.0,1678.0,1082.0,07:55,107.0,2,0.0701709019958156,0.06327562432970738,0.0022948623673154944,1.3735670111430998,11号线
武宁路,WuNing Lu,121.430504,31.234346,"['13号线', '14号线']",2,26179.0,8582.0,7779.0,08:50,447.0,4,0.027776010052938477,0.09145261293179806,0.0028263729153966168,1.026323931220698,13号线;14号线
武定路,WuDing Lu,121.436157,31.227303,['14号线'],1,,,,,,2,0.02519742287396604,0.09287159883067236,0.001517233210872238,1.017704099299792,14号线
殷高东路,YinGao DongLu,121.506797,31.321768,['10号线'],1,5760.0,2342.0,1623.0,08:05,141.0,2,0.026648262695692017,0.05768962145551055,0.0023663963957796116,0.8553256799366828,10号线
殷高西路,YinGao XiLu,121.484856,31.320005,['3号线'],1,31193.0,10740.0,8620.0,07:50,526.0,2,0.028248992805751973,0.06280413625304136,0.00222284446557023,1.5433602015174157,3号线
殷高路,YinGao Lu,121.49556,31.321705,['18号线'],1,,,,,,2,0.017580623211048432,0.06106757356202869,0.002202968380195233,1.3885810657426751,18号线
民生路,MinShengLu,121.543527,31.235851,"['18号线', '6号线']",2,15332.0,5217.0,4515.0,08:10,305.0,4,0.02905670407243229,0.08634748066067321,0.003328887075519804,0.9547653578356348,18号线;6号线
民雷路,MinLei Lu,121.668125,31.268335,['9号线'],1,,,,,,2,0.004842615012106538,0.0554734721289456,0.0026685373654335015,1.3010759330584984,9号线
水产路,ShuiChan Lu,121.488247,31.381302,['3号线'],1,11328.0,4131.0,3008.0,08:15,252.0,2,0.019229413009238583,0.049789029535864976,0.0024538554161221155,1.4973746465197357,3号线
水城路,ShuiCheng Lu,121.392259,31.199482,['10号线'],1,23354.0,7306.0,6754.0,08:15,330.0,2,0.01677034354491877,0.07653817642698295,0.002169684193280735,1.2009808971964073,10号线
永德路,YongDe Lu,121.443203,31.039147,['15号线'],1,,,,,,2,0.004842615012106538,0.05666072163534092,0.002780120973872931,2.387645195036302,15号线
汇臻路,HuiZhen Lu,121.524558,31.025245,['浦江线'],1,,,,,,1,0.0,0.043142170688394446,0.0015502312382709694,0.9180298128911739,浦江线
汇金路,HuiJin Lu,121.151665,31.161221,['17号线'],1,,,,,,2,0.028703072474670303,0.050755806808406044,0.0024305856409020236,3.175546486863693,17号线
汉中路,HanZhong Lu,121.458699,31.241883,"['12号线', '13号线', '1号线']",3,54013.0,18827.0,15962.0,08:45,1318.0,6,0.09967425593533744,0.09604651162790698,0.0041668287673189116,1.0753559486256545,12号线;13号线;1号线
江宁路,JiangNing Lu,121.44483,31.244282,['13号线'],1,,,,,,2,0.009132399754419655,0.09017467248908297,0.001582087397805911,1.0378156529618598,13号线
江川路,JiangChuan Lu,121.423474,31.005428,['5号线'],1,,,,,,2,0.03340464044758927,0.04569089501051001,0.0023213146323008355,1.720848978180984,5号线
江月路,JiangYue Lu,121.508603,31.084253,['8号线'],1,28389.0,9847.0,8291.0,07:55,588.0,2,0.03340464044758927,0.06135789630069826,0.002372604975816524,1.2964575973830015,8号线
江杨北路,JiangYang BeiLu,121.439819,31.407858,['3号线'],1,15030.0,5304.0,4034.0,07:30,356.0,1,0.0,0.04158694995468734,0.0015487612844599123,2.0235297330045605,3号线
江浦公园,JiangPu GongYuan,121.523697,31.26457,"['12号线', '18号线']",2,23499.0,8296.0,6514.0,08:10,424.0,4,0.10537591175425226,0.08331652208997377,0.0035591489559348324,1.0306059150796865,12号线;18号线
江浦路,JiangPu Lu,121.518379,31.274946,"['18号线', '8号线']",2,35498.0,10884.0,8064.0,07:50,445.0,4,0.07449730378866046,0.0781752791974257,0.0036523061886681303,1.0381068235399509,18号线;8号线
江湾体育场,JiangWan TiYuChang,121.513314,31.304293,['10号线'],1,38670.0,11210.0,11856.0,18:20,649.0,2,0.03568310915031796,0.06466259589791765,0.00225829047718623,0.9024663292814566,10号线
江湾镇,JiangWanZhen,121.485064,31.305566,['3号线'],1,39818.0,13687.0,11071.0,08:05,671.0,2,0.031643593020865765,0.06593231162196679,0.0022393468152896953,1.7040727438418595,3号线
江苏路,JiangSuLu,121.430642,31.220411,"['11号线', '2号线']",2,89712.0,31433.0,26034.0,08:40,1006.0,4,0.15041960533223564,0.0988747905195116,0.002749460420068682,1.5906236502997895,11号线;2号线
汶水路,WenShui Lu,121.450251,31.292556,['1号线'],1,43093.0,15993.0,13094.0,08:40,1062.0,2,0.03808270058064365,0.06891373268813616,0.002345625374245568,1.4937011071475583,1号线
沈杜公路,ShenDu GongLu,121.512272,31.061427,"['8号线', '浦江线']",2,67161.0,23258.0,16538.0,07:50,1155.0,2,0.023977996661886738,0.054825434753750166,0.002436231922798347,1.4580103132468598,8号线;浦江线
沈梅路,ShenMei Lu,121.580589,31.091115,['18号线'],1,,,,,,2,0.014457321516725827,0.058631459398069276,0.0024785031441442733,1.8962839821877675,18号线
泗泾,SiJing,121.260247,31.118272,['9号线'],1,56261.0,20304.0,16317.0,07:50,882.0,2,0.03340464044758927,0.07216494845360824,0.0022630918787628646,4.662010215832016,9号线
洞泾,DongJing,121.230473,31.084492,['9号线'],1,15074.0,5550.0,3748.0,08:05,365.0,2,0.023977996661886738,0.06329501915708813,0.0024019448360413915,2.7897562917858263,9号线
洲海路,ZhouHai Lu,121.589396,31.312229,['6号线'],1,8906.0,3049.0,2287.0,08:10,190.0,2,0.02074746044464194,0.05424931039012216,0.0023447176514506335,1.3286340267872752,6号线
浦三路,PuSanLu,121.539005,31.150861,['11号线'],1,16768.0,6140.0,4790.0,07:55,298.0,2,0.030372412650864843,0.07461607949412827,0.0021566346998734293,1.5237345174640486,11号线
浦东1号2号航站楼,PuDong 1 Hao 2 Hao HangZhanLou,121.805591,31.150958,"['2号线', '市域机场线', '磁浮线']",3,,,,,,3,0.12823481275614013,0.08663729809104258,0.0029082620079442355,12.803416354065668,2号线;市域机场线;磁浮线
浦东南路,PuDong NanLu,121.512412,31.238532,['14号线'],1,,,,,,2,0.009851574509268064,0.0902534965034965,0.0016761469670632351,0.8311414416523994,14号线
浦东南路(原东昌路),PuDong NanLu (YuanDongChang Lu),121.515556,31.23327,['2号线'],1,,,,,,2,0.08805420892631252,0.09202317290552585,0.0016451359048465152,1.3060240966556762,2号线
浦东大道,PuDong DaDao,121.519302,31.240308,"['14号线', '4号线']",2,45463.0,17438.0,13215.0,08:25,1039.0,4,0.06980228799191096,0.09149313247673903,0.0032494002296417344,1.1517989631103542,14号线;4号线
浦东足球场,PuDong ZuQiuChang,121.61543,31.241645,['14号线'],1,,,,,,2,0.00966172218434848,0.0650701118638727,0.0025166041335008865,1.407664275935356,14号线
浦江镇,PuJiangZhen,121.506272,31.09659,['8号线'],1,22776.0,8167.0,6686.0,08:30,423.0,2,0.03808270058064365,0.06521395862940155,0.002322129292052042,2.0015535895876924,8号线
浦电路,PuDian Lu,121.529351,31.220154,['6号线'],1,92595.0,37417.0,29564.0,08:45,1661.0,2,0.012647544770475855,0.08815368196371398,0.0017610934895721092,0.9635580742576992,6号线
浦航路,PuHang Lu,121.530591,31.040993,['浦江线'],1,,,,,,2,0.00966172218434848,0.04719460633070506,0.0026244705929077865,0.9811621131888892,浦江线
海伦路,HaiLun Lu,121.488697,31.259303,"['10号线', '4号线']",2,42608.0,14481.0,12607.0,08:35,628.0,4,0.09226119361217339,0.08989986939486286,0.003375904386452704,1.1684068756320496,10号线;4号线
海天三路,HaiTian San Lu,121.796878,31.168459,['2号线'],1,2969.0,1256.0,442.0,08:05,94.0,2,0.018151203854934385,0.07989940027084542,0.0021491171555294924,3.6781607208654927,2号线
淀山湖大道,Dian ShanHu DaDao,121.082134,31.13446,['17号线'],1,,,,,,2,0.014457321516725827,0.044175847684244304,0.002534229148142295,4.063792704210691,17号线
淞发路,SongFa Lu,121.50039,31.345135,['3号线'],1,11919.0,4424.0,3364.0,08:10,260.0,2,0.03340464044758927,0.05825927493299478,0.0022691801005732134,1.5617451940747142,3号线
淞滨路,SongBin Lu,121.492818,31.370928,['3号线'],1,,,,,,2,0.023977996661886738,0.052338106703839815,0.0024036336711275082,1.3860023695776618,3号线
淞虹路,SongHong Lu,121.359536,31.218225,['2号线'],1,89295.0,34657.0,27328.0,08:45,1917.0,2,0.07276621267792306,0.08220541401273886,0.0020600471518007536,2.837682992532616,2号线
淮海中路,HuaiHai ZhongLu,121.464363,31.220056,['13号线'],1,,,,,,2,0.0035011030053814346,0.09247648902821316,0.0014980668311575563,1.13713177153616,13号线
港城路,GangCheng Lu,121.575017,31.353223,"['10号线', '6号线']",2,8167.0,3004.0,2044.0,08:05,181.0,3,0.009597222591982599,0.04702801184240492,0.0035540773213094,1.3014982708150942,10号线;6号线
源深体育中心,YuanShen TiYu ZhongXin,121.534642,31.233004,['6号线'],1,19081.0,6071.0,5502.0,08:35,375.0,2,0.003994471605586445,0.08667366211962224,0.0017291865834809135,0.8782382298904328,6号线
源深路,YuanShen Lu,121.531016,31.241318,['14号线'],1,,,,,,2,0.007993383583515775,0.08487464036169338,0.0017820851886389524,1.015583705058341,14号线
滴水湖,DiShuiHu,121.929583,30.907245,['16号线'],1,8479.0,2185.0,1415.0,15:50,127.0,1,0.0,0.04453310329954712,0.0015497622015766832,2.5432059325116585,16号线
漕宝路,CaoBao Lu,121.433143,31.168344,"['12号线', '1号线']",2,40728.0,13810.0,10525.0,08:30,644.0,4,0.08462925266267711,0.08792846497764531,0.0030769471421080797,1.3969747939473571,12号线;1号线
漕河泾开发区,CaoHeJing KaiFaQu,121.397769,31.170644,['9号线'],1,84855.0,36360.0,27752.0,08:45,2245.0,2,0.012867261666786783,0.08163668709231073,0.0019766054620993984,1.6515900064164435,9号线
漕溪路,CaoXi Lu,121.43841,31.176746,['3号线'],1,13745.0,4363.0,4028.0,08:45,334.0,2,0.004608078725880373,0.08589850249584026,0.0016755669839557319,1.264258683006928,3号线
漕盈路,CaoYing Lu,121.096889,31.160467,['17号线'],1,,,,,,2,0.019229413009238583,0.04618137090461814,0.00247932819074731,2.9793365714775133,17号线
潘广路,PanGuang Lu,121.355845,31.364182,['7号线'],1,6250.0,2176.0,1491.0,07:30,145.0,2,0.00966172218434848,0.046461919226009674,0.00254073669133274,1.8528210680857629,7号线
灵岩南路,LingYan NanLu,121.495295,31.148665,['6号线'],1,14726.0,5380.0,4246.0,18:50,284.0,2,0.005107661242325904,0.07432067662407774,0.0020546123578553442,1.2903618896759204,6号线
爱国路,AiGuo Lu,121.552655,31.279788,['12号线'],1,16321.0,5649.0,4710.0,08:05,340.0,2,0.024110509083088923,0.06833223031105229,0.0022436292357850113,0.8710840780290083,12号线
环城东路,HuanCheng DongLu,121.463204,30.931168,['5号线'],1,,,,,,2,0.014457321516725827,0.03877570181203643,0.0025244937896177913,1.8816590232629937,5号线
申江路,ShenJiang Lu,121.626863,31.280231,['12号线'],1,8721.0,3625.0,2251.0,08:00,243.0,2,0.005194784841697088,0.059950645957323266,0.002250582391774237,1.6439516476744744,12号线
白银路,BaiYin Lu,121.24535,31.345359,['11号线'],1,15690.0,5366.0,4285.0,07:30,289.0,2,0.00966172218434848,0.04653521126760563,0.0024670073807007125,2.9013869042330356,11号线
真光路,ZhenGuang Lu,121.384162,31.253278,['14号线'],1,,,,,,2,0.028703072474670303,0.07216494845360824,0.0020425166000871404,1.2222899149460313,14号线
真北路,ZhenBeiLu,121.381948,31.232235,['13号线'],1,38184.0,13076.0,12100.0,08:35,744.0,2,0.019229413009238583,0.07979134466769706,0.002059917824614995,1.3532288785252748,13号线
真如,ZhenRu,121.407219,31.250767,"['11号线', '14号线']",2,14920.0,5173.0,3805.0,08:40,250.0,4,0.12460397556731106,0.08082191780821918,0.0032493376972951506,1.1082701261621049,11号线;14号线
真新新村,ZhenXinXinCun,121.371949,31.255566,['14号线'],1,,,,,,2,0.023977996661886738,0.06742857142857143,0.0022337073477423585,1.0505938538031228,14号线
石龙路,ShiLong Lu,121.443205,31.157949,['3号线'],1,18796.0,6620.0,5270.0,08:15,335.0,2,0.014889906028808178,0.08343434343434343,0.0017265832925960499,1.2960627927327053,3号线
祁华路,QiHua Lu,121.373529,31.322388,['7号线'],1,12418.0,4529.0,3135.0,07:45,268.0,2,0.003543866222819654,0.05060654331577013,0.002305560996622886,1.97097800955199,7号线
祁安路,QiAn Lu,121.384813,31.291558,['15号线'],1,,,,,,2,0.03801057340602151,0.06315950451139318,0.0022857872446500668,1.004692393130436,15号线
祁连山南路,QiLianShan NanLu,121.367275,31.237625,['13号线'],1,30184.0,11098.0,9059.0,08:10,548.0,2,0.014457321516725827,0.0739878179863848,0.0022959208288330477,1.3977459452245105,13号线
祁连山路,QiLianShan Lu,121.376035,31.27165,['11号线'],1,23950.0,8886.0,6803.0,08:45,464.0,2,0.07466089940995323,0.06720911310008136,0.0022097103897921774,1.285063786200852,11号线
秀沿路,XiuYan Lu,121.59839,31.138128,['11号线'],1,,,,,,2,0.00966172218434848,0.07307147912243454,0.002244942310651277,1.8693366982546082,11号线
紫竹高新区,ZiZhu GaoXinQu,121.451221,31.02319,['15号线'],1,,,,,,1,0.0,0.0536293987793793,0.001542731133165082,1.9318175058435414,15号线
紫藤路,ZiTeng Lu,121.364831,31.169674,['10号线'],1,5739.0,2020.0,1769.0,08:20,169.0,2,0.004842615012106538,0.06497797356828194,0.002648467257275406,0.9924525183577172,10号线
繁荣路,FanRong Lu,121.570547,31.102554,['18号线'],1,,,,,,2,0.019229413009238583,0.06221753540222959,0.002381612702414281,1.4541525223647618,18号线
红宝石路,HongBaoShi Lu,121.398372,31.198863,['15号线'],1,,,,,,2,0.007820243656930459,0.08428571428571428,0.0019488151538111136,1.2930149058596205,15号线
罗南新村,LuoNan XinCun,121.35747,31.388831,['7号线'],1,14937.0,4994.0,3978.0,07:25,290.0,2,0.004842615012106538,0.044413377782557266,0.0027404086762990863,2.1827341412896906,7号线
罗山路,LuoShan Lu,121.593152,31.153259,"['11号线', '16号线']",2,8374.0,3411.0,2493.0,08:25,203.0,4,0.07887450907535949,0.07875667429443173,0.0037742973773098,2.8995178397240498,11号线;16号线
罗秀路,LuoXiu Lu,121.435806,31.131552,['15号线'],1,,,,,,2,0.05724542989530228,0.081267217630854,0.0020582367420013377,1.188068069289308,15号线
美兰湖,MeiLanHu,121.349894,31.401889,['7号线'],1,26240.0,8245.0,6426.0,07:30,447.0,1,0.0,0.042529090721861805,0.001526737618364735,1.6202864824673062,7号线
翔殷路,XiangYin Lu,121.531974,31.305002,['8号线'],1,17236.0,5603.0,4273.0,08:00,261.0,2,0.00966172218434848,0.05982905982905983,0.0025646860560983847,1.0836007609107696,8号线
耀华路,YaoHua Lu,121.494605,31.178513,"['7号线', '8号线']",2,41235.0,12438.0,11798.0,08:15,589.0,4,0.020737625207636497,0.08336697618086394,0.003250084059127097,0.7786236804060038,7号线;8号线
老西门,LaoXiMen,121.483793,31.219014,"['10号线', '8号线']",2,44485.0,13562.0,11264.0,08:50,726.0,4,0.025363702441536014,0.09500805152979067,0.0027178317941020007,0.9476739603990882,10号线;8号线
联航路,LianHang Lu,121.510594,31.073567,['8号线'],1,23037.0,9074.0,6477.0,07:45,477.0,2,0.028703072474670303,0.05791614079371757,0.0024044689135667083,1.2812983825230928,8号线
肇嘉浜路,ZhaoJiaBang Lu,121.450212,31.199436,"['7号线', '9号线']",2,55582.0,19080.0,13454.0,08:45,990.0,4,0.046402032480717795,0.09429223744292238,0.002731759910016773,1.2647358550149304,7号线;9号线
自然博物馆,ZiRan BoWuGuan,121.462366,31.236451,['13号线'],1,,,,,,2,0.0,0.09295521044339411,0.0015010842676439265,0.732797568520827,13号线
航中路,HangZhong Lu,121.355336,31.165417,['10号线'],1,17031.0,6812.0,4684.0,07:55,420.0,1,0.0,0.061022458628841605,0.001487178440569025,1.0199007963564763,10号线
航头,HangTou,121.596083,31.037305,['18号线'],1,,,,,,1,0.0,0.04991539763113367,0.001541802971617578,2.0170544536219492,18号线
航头东,HangTou Dong,121.617494,31.054919,['16号线'],1,5656.0,2038.0,1564.0,07:45,148.0,2,0.03340464044758927,0.06421019900497513,0.002335546217602059,2.8937745794915477,16号线
航津路,HangJin Lu,121.593974,31.335371,['6号线'],1,12843.0,4383.0,3618.0,08:15,263.0,2,0.012049559694741845,0.049425562470081376,0.0023827251883471,1.623480231529426,6号线
芦恒路,LuHeng Lu,121.49826,31.11907,['8号线'],1,36258.0,13093.0,10041.0,08:05,694.0,2,0.042737252873833426,0.06956375273707259,0.0022416792262243777,2.6086721393179158,8号线
花木路,HuaMu Lu,121.562754,31.211212,['7号线'],1,31651.0,9795.0,8366.0,08:50,683.0,1,0.0,0.08192818885141837,0.0011041934774196234,0.9788974160241174,7号线
花桥,HuaQiao,121.104407,31.29879,['11号线'],1,15330.0,4873.0,3630.0,07:20,281.0,1,0.0,0.03651958617030684,0.00154816800496726,1.2476155621750529,11号线
芳华路,FangHua Lu,121.550115,31.19311,['7号线'],1,34025.0,12676.0,8505.0,08:00,636.0,2,0.017885616450371247,0.08338380779325662,0.001972761335559686,1.2518563883468286,7号线
芳甸路,FangDian Lu,121.558431,31.231845,['9号线'],1,,,,,,2,0.09574142808957695,0.08552495340650239,0.0018506550537951776,1.5841090574441425,9号线
芳芯路,FangXin Lu,121.559226,31.191158,['18号线'],1,,,,,,2,0.003994752063552087,0.08248452166966247,0.0019336021898343327,1.1721461107116813,18号线
莘庄,XinZhuang,121.385373,31.111152,"['1号线', '5号线']",2,119326.0,40770.0,32266.0,08:20,1901.0,2,0.08357037071863467,0.06511114614535708,0.0023364757630394586,1.3704320733812105,1号线;5号线
莲溪路,LianXi Lu,121.566414,31.16911,"['13号线', '18号线']",2,,,,,,4,0.02883963530141182,0.07886194386098912,0.0036115153983036306,1.4162772300723687,13号线;18号线
莲花路,LianHua Lu,121.40291,31.1309,['1号线'],1,85242.0,27348.0,23580.0,07:50,1198.0,2,0.09238581066785773,0.07384230287859825,0.002175774047650856,1.553014700518935,1号线
萧塘,XiaoTang,121.441857,30.965888,['5号线'],1,,,,,,2,0.023977996661886738,0.04196727974799309,0.002419951342331085,2.747420567489694,5号线
蓝天路,LanTian Lu,121.577995,31.241028,"['14号线', '9号线']",2,,,,,,4,0.09948740237200016,0.08052251900955353,0.0037249240770277237,1.7841199092860056,14号线;9号线
蓝村路,LanCun Lu,121.527627,31.211672,"['4号线', '6号线']",2,54430.0,20583.0,16159.0,08:30,1073.0,4,0.0249507823580469,0.0844062947067239,0.0034792634295901896,1.025111357538813,4号线;6号线
虹口足球场,HongKou ZuQiuChang,121.479154,31.271392,"['3号线', '8号线']",2,73330.0,20146.0,21605.0,18:10,758.0,4,0.04979339348042895,0.08061682607846965,0.003646496656118446,1.254271925571156,3号线;8号线
虹桥1号航站楼,HongQiao 1 Hao HangZhanLou,121.347371,31.191363,['10号线'],1,11259.0,3640.0,2800.0,08:15,440.0,2,0.011824692931294348,0.07686581053415224,0.0020988404369702094,2.0902693855002243,10号线
虹桥2号航站楼,HongQiao 2 Hao HangZhanLou,121.324443,31.194055,"['10号线', '2号线', '市域机场线']",3,33739.0,10224.0,8015.0,08:20,614.0,4,0.1281388237575023,0.08264958975385231,0.003833829505256914,3.006882194209597,10号线;2号线;市域机场线
虹桥火车站,HongQiao HuoCheZhan,121.31895,31.194022,"['10号线', '17号线', '2号线']",3,82869.0,18909.0,20703.0,18:20,875.0,3,0.07047650391405534,0.07678007064510133,0.003178838697557746,1.6605016000940307,10号线;17号线;2号线
虹桥路,HongQiao Lu,121.420814,31.197524,"['10号线', '3号线', '4号线']",3,59870.0,20660.0,17324.0,08:45,789.0,4,0.039317192338367134,0.09037199124726478,0.003143898403620717,1.2610565765423094,10号线;3号线;4号线
虹梅南路,HongMei NanLu,121.433059,31.103839,['15号线'],1,,,,,,2,0.028703072474670303,0.07853204031184635,0.0021534249413152507,1.3483996669806877,15号线
虹梅路,HongMei Lu,121.39725,31.16035,['12号线'],1,,,,,,2,0.019229413009238583,0.07181359763519388,0.0022334145233366513,1.0223946936992243,12号线
虹漕路,HongCao Lu,121.410553,31.164033,['12号线'],1,,,,,,2,0.023977996661886738,0.07723957359266878,0.002010542985900973,1.1279094732583306,12号线
虹莘路,HongXin Lu,121.380349,31.137452,['12号线'],1,,,,,,2,0.004842615012106538,0.05921146953405018,0.002744133715437926,1.4903311541164097,12号线
蟠祥路·国家会计学院,PanXiang Lu GuoJia KuaiJi XueYuan,121.286143,31.181388,['2号线'],1,,,,,,1,0.0,0.06660216094178359,0.00140754269872128,1.4648975426989987,2号线
蟠龙路,PanLong Lu,121.278645,31.186328,['17号线'],1,,,,,,2,0.0519758339406192,0.0670781224622381,0.0023246683875537606,2.005851614488381,17号线
行知路,XingZhiLu,121.42177,31.284496,['7号线'],1,33635.0,12062.0,9954.0,08:00,593.0,2,0.027482268456739734,0.06799473164306882,0.002331763750722521,1.1390455034344704,7号线
衡山路,HengShan Lu,121.446424,31.204528,['1号线'],1,17468.0,5345.0,4731.0,17:45,244.0,2,0.014328524307770752,0.09169626998223801,0.00152739351583022,1.2016202585768136,1号线
西岑,XiCen,120.964163,31.070526,['17号线'],1,,,,,,1,0.0,0.03903960676812553,0.001551033914905845,6.124481340666147,17号线
西渡,XiDu,121.432441,30.98935,['5号线'],1,,,,,,2,0.028703072474670303,0.0437546350248967,0.002376461895222424,2.370282729769078,5号线
西藏北路,XiZang BeiLu,121.468818,31.263453,['8号线'],1,37004.0,12458.0,9890.0,08:10,537.0,2,0.026321746995787296,0.0824186789064059,0.001896148670449892,1.2289413140102927,8号线
西藏南路,XiZang NanLu,121.489555,31.201967,"['4号线', '8号线']",2,53491.0,17361.0,11909.0,08:35,648.0,4,0.03771150455134596,0.0899390243902439,0.003240434131435559,1.4133815073875642,4号线;8号线
豫园,YuYuan,121.487426,31.228005,"['10号线', '14号线']",2,47424.0,13801.0,11770.0,08:35,806.0,4,0.031144096411519013,0.09573481687528976,0.00270247774692521,1.2005669326041872,10号线;14号线
赤峰路,ChiFeng Lu,121.482429,31.281247,['3号线'],1,25346.0,7774.0,7019.0,08:00,370.0,2,0.0405295564896826,0.07498184458968772,0.002069186667094403,1.0262387309076202,3号线
赵巷,ZhaoXiang,121.192279,31.161247,['17号线'],1,,,,,,2,0.03340464044758927,0.05337986299599328,0.002418456999330204,3.4456886218741745,17号线
迎春路,YingChun Lu,121.550998,31.221002,['18号线'],1,,,,,,2,0.125786444047644,0.0903522205206738,0.0018013802883689453,1.3974456133927715,18号线
远东大道,YuanDong DaDao,121.755301,31.199385,['2号线'],1,3010.0,881.0,734.0,07:35,45.0,2,0.01342612804215082,0.07413390773649255,0.0022644888496074363,4.148305301114165,2号线
迪士尼,DiShiNi,121.667959,31.141263,['11号线'],1,,,,,,1,0.0,0.0637936360827927,0.001443035753850383,4.978828820267484,11号线
通河新村,TongHe XinCun,121.441546,31.33113,['1号线'],1,51568.0,18441.0,14418.0,07:55,888.0,2,0.023977996661886738,0.05741693312943139,0.0024399297292805482,1.237071434188286,1号线
邮电新村,YouDian XinCun,121.494247,31.268431,['10号线'],1,21779.0,7646.0,6042.0,08:20,374.0,2,0.04893091628930781,0.08384084449857897,0.0018399346147386052,1.0688893737224483,10号线
醉白池,ZuiBaiChi,121.229361,31.001125,['9号线'],1,10396.0,3195.0,2305.0,07:25,188.0,2,0.004842615012106538,0.05065620017171593,0.0027931774000146334,1.738799477753541,9号线
野生动物园,YeSheng DongWuYuan,121.699218,31.050325,['16号线'],1,,,,,,2,0.023977996661886738,0.05709151230301355,0.0024243501002067036,5.388875780804799,16号线
金京路,JinJing Lu,121.615477,31.279823,['12号线'],1,16223.0,6007.0,4641.0,08:00,437.0,2,0.0034103159117851527,0.058941058941058944,0.002245703064571617,1.136434172943085,12号线
金吉路,JinJi Lu,121.628741,31.264304,['9号线'],1,,,,,,2,0.024047960471007553,0.06589023611997448,0.0022308599490119445,1.3235094631545876,9号线
金平路,JinPing Lu,121.410186,31.011282,['5号线'],1,15914.0,5165.0,4148.0,07:30,282.0,2,0.014457321516725827,0.04565049187575992,0.0023924755837699697,1.344170363751047,5号线
金桥,JinQiao,121.611336,31.26085,['9号线'],1,,,,,,2,0.028314633406431512,0.06994072819644369,0.0021991893903313925,1.6454818305708834,9号线
金桥路,JinQiao Lu,121.581817,31.257084,['6号线'],1,31602.0,10261.0,9144.0,08:20,578.0,2,0.03873613429620458,0.07191363398920425,0.002043998441982598,1.0365185813827096,6号线
金沙江西路,JinShaJiang XiLu,121.335156,31.241152,['13号线'],1,11019.0,4165.0,3131.0,08:30,236.0,2,0.004842615012106538,0.06453125,0.0027054772730961013,1.7065735315871255,13号线
金沙江路,JinShaJiang Lu,121.413201,31.232147,"['13号线', '3号线', '4号线']",3,59961.0,16854.0,17633.0,08:45,538.0,4,0.05821835906230989,0.09161490683229814,0.0029135071061403292,1.322339238621397,13号线;3号线;4号线
金海湖,JinHaiHu,121.492506,30.928805,['5号线'],1,,,,,,2,0.004842615012106538,0.03601011422094341,0.002795196463469269,1.3072286085182288,5号线
金海路,JinHai Lu,121.638629,31.263141,"['12号线', '9号线']",2,20738.0,7715.0,5581.0,07:45,520.0,3,0.02143702305671322,0.06232080881243398,0.0033029670337205792,1.6266533288350098,12号线;9号线
金科路,JinKe Lu,121.601989,31.204213,['2号线'],1,79306.0,30912.0,26284.0,08:45,1539.0,2,0.015218174832857995,0.07601693355420577,0.002206066328553424,1.6855085004287806,2号线
金粤路,JinYue Lu,121.629016,31.242092,['14号线'],1,,,,,,2,0.004842615012106538,0.06112179961521385,0.0027255972197213173,1.1455070516880714,14号线
金运路,JinYun Lu,121.319308,31.240986,['13号线'],1,54415.0,19777.0,14997.0,08:05,1060.0,1,0.0,0.06062830299471521,0.001511111205954983,1.5067959434321525,13号线
铁力路,TieLi Lu,121.461139,31.40812,['3号线'],1,5602.0,2233.0,1399.0,07:55,210.0,2,0.004842615012106538,0.04338691038974682,0.0027931409665382613,1.7495167608907511,3号线
铜川路,TongChuan Lu,121.397036,31.250733,"['14号线', '15号线']",2,,,,,,4,0.05865846119883826,0.0775878264136765,0.0034428620846992555,1.107714170598578,14号线;15号线
银都路,YinDu Lu,121.390264,31.089345,['5号线'],1,12002.0,4713.0,3708.0,08:10,286.0,2,0.07466089940995323,0.058160822419377554,0.0023753085159615456,1.8974488830414105,5号线
锦江乐园,JinJiangLeYuan,121.414107,31.142217,['1号线'],1,34983.0,11199.0,10380.0,08:00,507.0,2,0.09675826888267237,0.07910361999616931,0.0019864196296229624,1.8478331357041924,1号线
锦秋路,JinQiu Lu,121.381765,31.320184,['15号线'],1,,,,,,2,0.024458303724082555,0.05369912885190482,0.0022938421962686514,2.08603727518194,15号线
锦绣路,JinXiu Lu,121.540041,31.187592,['7号线'],1,31533.0,12321.0,8615.0,08:05,618.0,2,0.015157264187329081,0.07902793723689246,0.002044076030214721,1.3062430012506687,7号线
镇坪路,ZhenPing Lu,121.429779,31.246369,"['3号线', '4号线', '7号线']",3,55043.0,18645.0,16024.0,08:15,677.0,4,0.1092332783996201,0.09100925517849273,0.003153764862690345,1.2827536327654423,3号线;4号线;7号线
长寿路,ChangShou Lu,121.438272,31.24086,"['13号线', '7号线']",2,64201.0,19371.0,18796.0,08:45,1207.0,4,0.017949864158585446,0.08991944263008926,0.002962620216367181,0.9176154129281089,13号线;7号线
长江南路,ChangJiang NanLu,121.491482,31.332062,"['18号线', '3号线']",2,30228.0,10922.0,8776.0,08:35,517.0,3,0.041057524524287584,0.061724704827380066,0.0032082633722876532,1.4593377889582564,18号线;3号线
长清路,chang qing lu,121.487775,31.174452,"['13号线', '7号线']",2,24836.0,9167.0,6706.0,08:15,419.0,4,0.028391931114931324,0.08413118761458546,0.0032261459026365524,1.0104500069150029,13号线;7号线
长风公园,ChangFeng GongYuan,121.39632,31.225254,['15号线'],1,,,,,,2,0.03253280223757925,0.08613138686131387,0.0018161636426534617,1.2380341066860954,15号线
闵瑞路,MinRui Lu,121.530323,31.047956,['浦江线'],1,,,,,,2,0.014457321516725827,0.049502577010667626,0.002529981043975172,0.8616215729194818,浦江线
闵行开发区,MinHang KaiFaQu,121.369712,31.000627,['5号线'],1,7727.0,2829.0,1968.0,07:30,146.0,1,0.0,0.040186824948915054,0.001527671972209711,1.104928526600251,5号线
陆家嘴,LuJiaZui,121.502129,31.238259,"['14号线', '2号线']",2,142184.0,48463.0,45088.0,08:40,2852.0,4,0.10112309106429006,0.09407744874715263,0.0029340921140772534,1.4594925125297995,14号线;2号线
陆家浜路,LuJiaBang Lu,121.486115,31.211789,"['8号线', '9号线']",2,55674.0,17123.0,13761.0,08:45,720.0,4,0.052324733635253015,0.09416324669402645,0.003015717947408031,1.0375266774553245,8号线;9号线
陈春路,ChenChun Lu,121.558194,31.175095,['13号线'],1,,,,,,2,0.007061980653288814,0.0742672181262363,0.002034512912563204,0.919308316454386,13号线
陈翔公路,ChenXiang GongLu,121.306787,31.306484,['11号线'],1,,,,,,2,0.05655986271421519,0.05374105400130123,0.0023519747774792773,2.53803631898337,11号线
陕西南路,ShaanXi NanLu,121.458741,31.215148,"['10号线', '12号线', '1号线']",3,109445.0,29899.0,29326.0,08:50,857.0,6,0.07198576644473725,0.09624796084828711,0.003848750118141246,1.4613385980720832,10号线;12号线;1号线
隆德路,LongDe Lu,121.423576,31.230509,"['11号线', '13号线']",2,27868.0,9720.0,8126.0,08:45,474.0,4,0.0840112864399571,0.09424920127795527,0.0027679365974841268,1.0556275629372196,11号线;13号线
隆昌路,LongChang Lu,121.544692,31.275213,['12号线'],1,26416.0,9385.0,7690.0,08:40,474.0,2,0.0282616018058453,0.07257072570725707,0.0021862856022285397,1.1488207798830419,12号线
青浦新城,QingPu XinCheng,121.12567,31.158925,['17号线'],1,,,,,,2,0.023977996661886738,0.04836631924112894,0.0024502095815541534,2.615287777224231,17号线
静安寺,JingAnSi,121.446533,31.223231,"['14号线', '2号线', '7号线']",3,169902.0,51643.0,44978.0,08:55,1519.0,6,0.14224877893083263,0.09966216216216216,0.003912939891520599,1.491187479923422,14号线;2号线;7号线
鞍山新村,AnShan XinCun,121.509685,31.273242,['8号线'],1,22143.0,7152.0,6099.0,08:40,329.0,2,0.010171732370240742,0.07779242795253344,0.0018984443213431385,0.8238679703602173,8号线
顾唐路,GuTang Lu,121.656465,31.266074,['9号线'],1,,,,,,2,0.00966172218434848,0.05870646766169154,0.0024297939342103553,1.4313631146703814,9号线
顾戴路,GuDai Lu,121.39185,31.140888,['12号线'],1,,,,,,2,0.00966172218434848,0.06290936785986291,0.002544736244896083,1.4101972960250335,12号线
顾村公园,GuCun GongYuan,121.373009,31.344594,"['15号线', '7号线']",2,38102.0,12752.0,10437.0,08:00,689.0,3,0.022215323366901126,0.051145510835913316,0.0033309291533866847,2.3570107730088865,15号线;7号线
颛桥,ZhuanQiao,121.401868,31.067013,['5号线'],1,25048.0,9012.0,7011.0,07:25,452.0,2,0.0701709019958156,0.05519176800748363,0.0023713515930819684,2.637540098606249,5号线
马当路,MaDang Lu,121.477256,31.20952,"['13号线', '9号线']",2,27706.0,8945.0,8060.0,08:45,557.0,4,0.02130045845691792,0.09262166405023547,0.0030203601430818,0.986824827388393,13号线;9号线
马陆,MaLu,121.276906,31.319675,['11号线'],1,19414.0,6615.0,5259.0,07:45,392.0,2,0.0519758339406192,0.051145510835913316,0.002322360294293596,2.8169421750646797,11号线
高桥,GaoQiao,121.562971,31.352622,['10号线'],1,,,,,,2,0.007739408056830804,0.04722698684962836,0.0023865762390305675,1.225994358556611,10号线
高桥西,Gao QiaoXi,121.54928,31.351489,['10号线'],1,,,,,,2,0.010042850664905636,0.048101560680177034,0.0023978014607788822,1.1355030204846546,10号线
高科西路,GaoKe XiLu,121.509845,31.185761,"['6号线', '7号线']",2,22075.0,8017.0,6596.0,08:45,413.0,4,0.031424333389592676,0.0807271305707584,0.0035426641625488755,1.2263831732958235,6号线;7号线
高青路,GaoQing Lu,121.515787,31.159907,['6号线'],1,18199.0,6841.0,5133.0,08:15,421.0,2,0.005066754630568214,0.0751045644662666,0.0020154622198844305,1.3066540025858093,6号线
鲁班路,LuBan Lu,121.475148,31.199221,['4号线'],1,37359.0,12361.0,10514.0,08:40,610.0,2,0.014987346092154552,0.08815368196371398,0.0016687244889460587,1.3352661311618652,4号线
鹤沙航城,HeSha HangCheng,121.611239,31.077797,['16号线'],1,25833.0,9271.0,7226.0,07:45,489.0,2,0.03808270058064365,0.06844547563805105,0.002257400725849094,3.1107832538393807,16号线
鹤涛路,HeTao Lu,121.58596,31.07186,['18号线'],1,,,,,,2,0.00966172218434848,0.05542136339237789,0.002594516827801406,2.0822577650364003,18号线
黄兴公园,HuangXing GongYuan,121.533383,31.295389,['8号线'],1,13251.0,4428.0,3700.0,08:00,216.0,2,0.014457321516725827,0.06358737490377213,0.002425967231801626,0.9263844980579454,8号线
黄兴路,HuangXing Lu,121.528401,31.278814,['8号线'],1,28411.0,9432.0,7512.0,08:15,417.0,2,0.023977996661886738,0.07264731750219877,0.002111618447038724,1.1463363835725926,8号线
黄杨路,HuangYang Lu,121.591014,31.233998,['14号线'],1,,,,,,2,0.019229413009238583,0.07464305078619193,0.002150316854599807,1.2067788325596385,14号线
龙华,LongHua,121.452958,31.172672,"['11号线', '12号线']",2,29054.0,11266.0,7245.0,08:30,656.0,4,0.0941315024079911,0.0911297440423654,0.003133379484498947,1.107091484414018,11号线;12号线
龙华中路,LongHua ZhongLu,121.457064,31.184379,"['12号线', '7号线']",2,34246.0,12151.0,10839.0,08:45,1089.0,4,0.0513265905490419,0.09096916299559471,0.002972607343651519,1.3598932403667923,12号线;7号线
龙柏新村,LongBai XinCun,121.37048,31.176882,['10号线'],1,26972.0,8746.0,8216.0,08:10,621.0,2,0.00966172218434848,0.06945845946855028,0.0024012857129418292,1.5572524695712642,10号线
龙溪路,LongXi Lu,121.380034,31.1944,['10号线'],1,15847.0,5457.0,4413.0,08:35,269.0,3,0.01963926630808591,0.07457565908270133,0.0032280016873792385,1.5548682954557294,10号线
龙漕路,LongCao Lu,121.444383,31.169458,"['12号线', '3号线']",2,24854.0,7537.0,7633.0,08:25,405.0,4,0.044961673852078846,0.0875185420639966,0.0031279700771572414,1.060414704606612,12号线;3号线
龙耀路,LongYao Lu,121.459702,31.15972,['11号线'],1,7786.0,3001.0,2289.0,08:10,170.0,2,0.06409381770716154,0.08157219040094806,0.0019308583307881197,1.4223855574819606,11号线
龙阳路,LongYang Lu,121.557634,31.203575,"['16号线', '18号线', '2号线', '7号线', '磁浮线']",5,74852.0,23699.0,22741.0,18:10,886.0,8,0.23740455660939058,0.0892201339382156,0.006983846535801782,4.7203591056563265,16号线;18号线;2号线;7号线;磁浮线
