line,station,file,total_flow,am_peak_flow,pm_peak_flow,peak_time,peak_flow
2号线,陆家嘴,2号线_陆家嘴.csv,142184.0,48463.0,45088.0,08:40,2852.0
8号线,人民广场,8号线_人民广场.csv,126108.0,33376.0,36212.0,08:45,1948.0
1号线,莘庄,1号线_莘庄.csv,119326.0,40770.0,32266.0,08:20,1901.0
2号线,静安寺,2号线_静安寺.csv,112752.0,32528.0,28734.0,08:55,1519.0
1号线,徐家汇,1号线_徐家汇.csv,106323.0,26094.0,30475.0,08:50,1515.0
2号线,南京西路,2号线_南京西路.csv,100146.0,28900.0,28541.0,08:35,1809.0
4号线,世纪大道,4号线_世纪大道.csv,92954.0,32333.0,28303.0,08:45,1929.0
2号线,淞虹路,2号线_淞虹路.csv,89295.0,34657.0,27328.0,08:45,1917.0
1号线,莲花路,1号线_莲花路.csv,85242.0,27348.0,23580.0,07:50,1198.0
9号线,漕河泾开发区,9号线_漕河泾开发区.csv,84855.0,36360.0,27752.0,08:45,2245.0
1号线,上海火车站,1号线_上海火车站.csv,84703.0,25953.0,21604.0,08:40,1371.0
2号线,娄山关路,2号线_娄山关路.csv,84687.0,27511.0,25726.0,08:40,1615.0
2号线,虹桥火车站,2号线_虹桥火车站.csv,82869.0,18909.0,20703.0,18:20,875.0
1号线,人民广场,1号线_人民广场.csv,82037.0,20417.0,23104.0,08:45,1239.0
3号线,上海火车站,3号线_上海火车站.csv,80078.0,24814.0,20815.0,08:25,1188.0
2号线,南京东路,2号线_南京东路.csv,79752.0,20711.0,20931.0,08:45,1166.0
2号线,金科路,2号线_金科路.csv,79306.0,30912.0,26284.0,08:45,1539.0
9号线,九亭,9号线_九亭.csv,76508.0,28210.0,22029.0,08:05,1398.0
9号线,打浦桥,9号线_打浦桥.csv,73807.0,18373.0,20064.0,08:50,1030.0
2号线,中山公园,2号线_中山公园.csv,73399.0,19317.0,21187.0,08:50,980.0
2号线,东昌路,2号线_东昌路.csv,72620.0,25633.0,21715.0,08:40,1511.0
2号线,广兰路,2号线_广兰路.csv,71152.0,28269.0,22102.0,08:30,1516.0
2号线,徐泾东,2号线_徐泾东.csv,70246.0,24068.0,18352.0,08:15,1143.0
2号线,张江高科,2号线_张江高科.csv,69535.0,27767.0,22102.0,08:25,1794.0
8号线,沈杜公路,8号线_沈杜公路.csv,67161.0,23258.0,16538.0,07:50,1155.0
7号线,长寿路,7号线_长寿路.csv,64201.0,19371.0,18796.0,08:45,1207.0
1号线,彭浦新村,1号线_彭浦新村.csv,62397.0,20394.0,18002.0,18:45,1027.0
9号线,七宝,9号线_七宝.csv,62345.0,18344.0,17630.0,08:30,793.0
9号线,商城路,9号线_商城路.csv,61401.0,20764.0,18930.0,08:45,1478.0
10号线,南京东路,10号线_南京东路.csv,61216.0,17301.0,16597.0,08:40,829.0
9号线,桂林路,9号线_桂林路.csv,60564.0,22071.0,17910.0,08:20,1288.0
1号线,黄陂南路,1号线_黄陂南路.csv,58722.0,17654.0,16837.0,08:50,1116.0
10号线,陕西南路,10号线_陕西南路.csv,58060.0,16428.0,16215.0,08:50,857.0
7号线,静安寺,7号线_静安寺.csv,57150.0,19115.0,16244.0,09:10,1079.0
11号线,南翔,11号线_南翔.csv,57048.0,19855.0,16284.0,08:05,1014.0
8号线,虹口足球场,8号线_虹口足球场.csv,56337.0,13963.0,17676.0,18:10,758.0
9号线,泗泾,9号线_泗泾.csv,56261.0,20304.0,16317.0,07:50,882.0
4号线,浦电路,4号线_浦电路.csv,55759.0,22455.0,17763.0,08:45,1661.0
8号线,陆家浜路,8号线_陆家浜路.csv,55674.0,17123.0,13761.0,08:45,720.0
7号线,肇嘉浜路,7号线_肇嘉浜路.csv,55582.0,19080.0,13454.0,08:45,990.0
2号线,龙阳路,2号线_龙阳路.csv,54755.0,17037.0,16376.0,18:10,886.0
3号线,上海南站,3号线_上海南站.csv,54473.0,17702.0,14965.0,08:35,909.0
13号线,金运路,13号线_金运路.csv,54415.0,19777.0,14997.0,08:05,1060.0
9号线,徐家汇,9号线_徐家汇.csv,54137.0,17441.0,14777.0,08:45,1079.0
1号线,延长路,1号线_延长路.csv,54109.0,16983.0,13980.0,08:35,707.0
1号线,汉中路,1号线_汉中路.csv,54013.0,18827.0,15962.0,08:45,1318.0
8号线,西藏南路,8号线_西藏南路.csv,53491.0,17361.0,11909.0,08:35,648.0
8号线,大世界,8号线_大世界.csv,53413.0,16561.0,16083.0,08:45,1050.0
3号线,中山公园,3号线_中山公园.csv,52768.0,15302.0,15766.0,08:45,834.0
2号线,江苏路,2号线_江苏路.csv,51583.0,17086.0,15517.0,08:40,1006.0
1号线,通河新村,1号线_通河新村.csv,51568.0,18441.0,14418.0,07:55,888.0
3号线,延安西路,3号线_延安西路.csv,51455.0,18201.0,15378.0,08:40,1281.0
1号线,陕西南路,1号线_陕西南路.csv,51385.0,13471.0,13111.0,08:55,694.0
4号线,大连路,4号线_大连路.csv,49698.0,17495.0,14214.0,08:40,911.0
9号线,合川路,9号线_合川路.csv,48699.0,18971.0,16308.0,08:25,1014.0
10号线,豫园,10号线_豫园.csv,47424.0,13801.0,11770.0,08:35,806.0
1号线,上海马戏城,1号线_上海马戏城.csv,46920.0,17294.0,14372.0,08:35,1151.0
9号线,嘉善路,9号线_嘉善路.csv,46474.0,14135.0,13586.0,08:45,790.0
4号线,浦东大道,4号线_浦东大道.csv,45463.0,17438.0,13215.0,08:25,1039.0
9号线,佘山,9号线_佘山.csv,45179.0,16587.0,12362.0,07:50,1036.0
1号线,共康路,1号线_共康路.csv,44975.0,15117.0,13075.0,18:50,761.0
8号线,老西门,8号线_老西门.csv,44485.0,13562.0,11264.0,08:50,726.0
7号线,昌平路,7号线_昌平路.csv,44330.0,14884.0,12531.0,08:45,681.0
10号线,交通大学,10号线_交通大学.csv,43959.0,14679.0,12997.0,08:40,707.0
4号线,塘桥,4号线_塘桥.csv,43821.0,14471.0,11375.0,08:40,851.0
9号线,松江大学城,9号线_松江大学城.csv,43639.0,13556.0,11761.0,07:55,757.0
9号线,宜山路,9号线_宜山路.csv,43600.0,13920.0,13069.0,08:40,1018.0
1号线,共富新村,1号线_共富新村.csv,43459.0,15483.0,12148.0,07:55,763.0
1号线,汶水路,1号线_汶水路.csv,43093.0,15993.0,13094.0,08:40,1062.0
9号线,杨高中路,9号线_杨高中路.csv,42308.0,15851.0,12108.0,08:20,853.0
3号线,曹杨路,3号线_曹杨路.csv,41463.0,14343.0,11631.0,08:25,709.0
8号线,耀华路,8号线_耀华路.csv,41235.0,12438.0,11798.0,08:15,589.0
1号线,漕宝路,1号线_漕宝路.csv,40728.0,13810.0,10525.0,08:30,644.0
4号线,蓝村路,4号线_蓝村路.csv,40515.0,15845.0,12293.0,08:30,1073.0
3号线,江湾镇,3号线_江湾镇.csv,39818.0,13687.0,11071.0,08:05,671.0
7号线,常熟路,7号线_常熟路.csv,39791.0,12950.0,10160.0,09:00,568.0
2号线,威宁路,2号线_威宁路.csv,39515.0,13317.0,11208.0,08:40,726.0
13号线,大渡河路,13号线_大渡河路.csv,39108.0,15095.0,11679.0,08:40,771.0
10号线,四川北路,10号线_四川北路.csv,39091.0,13829.0,11937.0,08:25,865.0
4号线,上海体育场,4号线_上海体育场.csv,38866.0,11906.0,10978.0,08:50,652.0
3号线,大柏树,3号线_大柏树.csv,38803.0,14201.0,10631.0,08:45,775.0
10号线,江湾体育场,10号线_江湾体育场.csv,38670.0,11210.0,11856.0,18:20,649.0
13号线,真北路,13号线_真北路.csv,38184.0,13076.0,12100.0,08:35,744.0
11号线,江苏路,11号线_江苏路.csv,38129.0,14347.0,10517.0,08:40,856.0
7号线,顾村公园,7号线_顾村公园.csv,38102.0,12752.0,10437.0,08:00,689.0
2号线,北新泾,2号线_北新泾.csv,37904.0,12844.0,10422.0,08:55,632.0
7号线,大华三路,7号线_大华三路.csv,37488.0,12427.0,10811.0,08:05,619.0
1号线,上海南站,1号线_上海南站.csv,37413.0,11536.0,9393.0,08:35,745.0
4号线,鲁班路,4号线_鲁班路.csv,37359.0,12361.0,10514.0,08:40,610.0
8号线,西藏北路,8号线_西藏北路.csv,37004.0,12458.0,9890.0,08:10,537.0
8号线,成山路,8号线_成山路.csv,37000.0,12571.0,9575.0,08:00,545.0
6号线,浦电路,6号线_浦电路.csv,36836.0,14962.0,11801.0,08:45,1087.0
8号线,芦恒路,8号线_芦恒路.csv,36258.0,13093.0,10041.0,08:05,694.0
3号线,镇坪路,3号线_镇坪路.csv,36219.0,12278.0,10656.0,08:15,677.0
10号线,新天地,10号线_新天地.csv,35617.0,9290.0,10181.0,18:10,499.0
8号线,曲阜路,8号线_曲阜路.csv,35541.0,9279.0,9962.0,08:50,475.0
8号线,江浦路,8号线_江浦路.csv,35498.0,10884.0,8064.0,07:50,445.0
1号线,富锦路,1号线_富锦路.csv,35417.0,13051.0,8828.0,07:55,757.0
3号线,中潭路,3号线_中潭路.csv,35330.0,12545.0,10231.0,08:20,586.0
1号线,锦江乐园,1号线_锦江乐园.csv,34983.0,11199.0,10380.0,08:00,507.0
7号线,新村路,7号线_新村路.csv,34879.0,10980.0,9573.0,18:20,539.0
10号线,天潼路,10号线_天潼路.csv,34562.0,9722.0,8210.0,08:20,541.0
7号线,龙华中路,7号线_龙华中路.csv,34246.0,12151.0,10839.0,08:45,1089.0
8号线,杨思,8号线_杨思.csv,34218.0,12463.0,9641.0,08:20,656.0
7号线,芳华路,7号线_芳华路.csv,34025.0,12676.0,8505.0,08:00,636.0
1号线,中山北路,1号线_中山北路.csv,33878.0,10654.0,9077.0,08:15,481.0
2号线,唐镇,2号线_唐镇.csv,33742.0,14036.0,9849.0,08:00,853.0
2号线,虹桥2号航站楼,2号线_虹桥2号航站楼.csv,33739.0,10224.0,8015.0,08:20,614.0
7号线,行知路,7号线_行知路.csv,33635.0,12062.0,9954.0,08:00,593.0
11号线,曹杨路,11号线_曹杨路.csv,33375.0,11161.0,8972.0,08:45,635.0
11号线,上海西站,11号线_上海西站.csv,33188.0,11994.0,9580.0,08:10,568.0
11号线,桃浦新村,11号线_桃浦新村.csv,32955.0,11500.0,9197.0,08:00,595.0
3号线,虹桥路,3号线_虹桥路.csv,32713.0,11420.0,10143.0,08:45,789.0
7号线,杨高南路,7号线_杨高南路.csv,32547.0,12435.0,9396.0,08:10,639.0
9号线,小南门,9号线_小南门.csv,32284.0,10778.0,8921.0,08:25,543.0
10号线,伊犁路,10号线_伊犁路.csv,32124.0,12042.0,10293.0,08:35,814.0
8号线,曲阳路,8号线_曲阳路.csv,31724.0,11245.0,8545.0,08:10,551.0
11号线,嘉定北,11号线_嘉定北.csv,31695.0,10296.0,7767.0,08:00,515.0
7号线,花木路,7号线_花木路.csv,31651.0,9795.0,8366.0,08:50,683.0
6号线,金桥路,6号线_金桥路.csv,31602.0,10261.0,9144.0,08:20,578.0
7号线,锦绣路,7号线_锦绣路.csv,31533.0,12321.0,8615.0,08:05,618.0
10号线,五角场,10号线_五角场.csv,31272.0,8388.0,9388.0,08:30,505.0
12号线,宁国路,12号线_宁国路.csv,31219.0,10898.0,8748.0,08:40,580.0
3号线,殷高西路,3号线_殷高西路.csv,31193.0,10740.0,8620.0,07:50,526.0
4号线,杨树浦路,4号线_杨树浦路.csv,31177.0,11644.0,8790.0,08:10,637.0
4号线,临平路,4号线_临平路.csv,30541.0,9815.0,8640.0,08:25,472.0
8号线,四平路,8号线_四平路.csv,30521.0,10392.0,8248.0,08:40,521.0
13号线,金沙江路,13号线_金沙江路.csv,30479.0,7437.0,9048.0,08:50,400.0
2号线,上海科技馆,2号线_上海科技馆.csv,30293.0,10033.0,8494.0,08:45,553.0
3号线,长江南路,3号线_长江南路.csv,30228.0,10922.0,8776.0,08:35,517.0
4号线,大木桥路 ,4号线_大木桥路.csv,30191.0,10000.0,7988.0,08:30,489.0
13号线,祁连山南路,13号线_祁连山南路.csv,30184.0,11098.0,9059.0,08:10,548.0
7号线,上海大学站,7号线_上海大学站.csv,29885.0,8997.0,8078.0,07:55,510.0
4号线,宜山路,4号线_宜山路.csv,29717.0,10511.0,8891.0,08:50,764.0
16号线,惠南,16号线_惠南.csv,29706.0,8053.0,7342.0,07:50,404.0
3号线,金沙江路,3号线_金沙江路.csv,29482.0,9417.0,8585.0,08:45,538.0
11号线,李子园路,11号线_李子园路.csv,29307.0,10295.0,8460.0,08:05,479.0
2号线,世纪公园,2号线_世纪公园.csv,29239.0,10828.0,8774.0,08:20,648.0
11号线,龙华,11号线_龙华.csv,29054.0,11266.0,7245.0,08:30,656.0
11号线,枫桥路,11号线_枫桥路.csv,28576.0,9705.0,7841.0,08:20,446.0
11号线,三林,11号线_三林.csv,28529.0,9875.0,8169.0,08:05,543.0
8号线,黄兴路,8号线_黄兴路.csv,28411.0,9432.0,7512.0,08:15,417.0
8号线,江月路,8号线_江月路.csv,28389.0,9847.0,8291.0,07:55,588.0
8号线,市光路,8号线_市光路.csv,28382.0,10782.0,7386.0,07:55,601.0
1号线,宝安公路,1号线_宝安公路.csv,28166.0,10365.0,7639.0,07:45,528.0
2号线,川沙,2号线_川沙.csv,27911.0,9693.0,7378.0,08:10,510.0
11号线,隆德路,11号线_隆德路.csv,27868.0,9720.0,8126.0,08:45,474.0
9号线,马当路,9号线_马当路.csv,27706.0,8945.0,8060.0,08:45,557.0
8号线,中兴路,8号线_中兴路.csv,27690.0,8852.0,7294.0,08:10,373.0
10号线,海伦路,10号线_海伦路.csv,27543.0,9828.0,8144.0,08:35,628.0
4号线,东安路,4号线_东安路.csv,27195.0,8770.0,5493.0,08:20,355.0
7号线,岚皋路,7号线_岚皋路.csv,27181.0,8412.0,7978.0,08:55,486.0
10号线,虹桥路,10号线_虹桥路.csv,27157.0,9240.0,7181.0,08:40,499.0
8号线,延吉中路,8号线_延吉中路.csv,27141.0,9651.0,7233.0,08:10,522.0
10号线,龙柏新村,10号线_龙柏新村.csv,26972.0,8746.0,8216.0,08:10,621.0
10号线,同济大学,10号线_同济大学.csv,26698.0,8862.0,7506.0,08:20,474.0
1号线,上海体育馆,1号线_上海体育馆.csv,26504.0,8813.0,7399.0,08:50,555.0
12号线,隆昌路,12号线_隆昌路.csv,26416.0,9385.0,7690.0,08:40,474.0
1号线,外环路,1号线_外环路.csv,26394.0,9749.0,7504.0,08:10,455.0
7号线,美兰湖,7号线_美兰湖.csv,26240.0,8245.0,6426.0,07:30,447.0
13号线,武宁路,13号线_武宁路.csv,26179.0,8582.0,7779.0,08:50,447.0
11号线,嘉定新城,11号线_嘉定新城.csv,25907.0,9217.0,7062.0,07:40,503.0
16号线,鹤沙航城,16号线_鹤沙航城.csv,25833.0,9271.0,7226.0,07:45,489.0
3号线,赤峰路,3号线_赤峰路.csv,25346.0,7774.0,7019.0,08:00,370.0
10号线,国权路,10号线_国权路.csv,25177.0,8937.0,7201.0,08:25,462.0
5号线,颛桥,5号线_颛桥.csv,25048.0,9012.0,7011.0,07:25,452.0
3号线,龙漕路,3号线_龙漕路.csv,24854.0,7537.0,7633.0,08:25,405.0
7号线,长清路,7号线_长清路.csv,24836.0,9167.0,6706.0,08:15,419.0
5号线,东川路,5号线_东川路.csv,24832.0,8197.0,7076.0,07:50,398.0
13号线,丰庄,13号线_丰庄.csv,24496.0,8676.0,7084.0,08:15,465.0
4号线,上海体育馆,4号线_上海体育馆.csv,24438.0,6534.0,7386.0,08:50,388.0
3号线,东宝兴路,3号线_东宝兴路.csv,24221.0,7902.0,6615.0,09:00,508.0
7号线,场中路,7号线_场中路.csv,24041.0,8360.0,6304.0,07:55,425.0
6号线,博兴路,6号线_博兴路.csv,23992.0,8878.0,7141.0,08:20,457.0
11号线,祁连山路,11号线_祁连山路.csv,23950.0,8886.0,6803.0,08:45,464.0
6号线,德平路,6号线_德平路.csv,23686.0,7682.0,6416.0,08:00,350.0
11号线,御桥,11号线_御桥.csv,23603.0,8326.0,6583.0,08:00,457.0
12号线,江浦公园,12号线_江浦公园.csv,23499.0,8296.0,6514.0,08:10,424.0
4号线,南浦大桥,4号线_南浦大桥.csv,23490.0,7769.0,6155.0,08:35,391.0
10号线,宋园路,10号线_宋园路.csv,23380.0,8495.0,7033.0,08:30,526.0
10号线,水城路,10号线_水城路.csv,23354.0,7306.0,6754.0,08:15,330.0
3号线,宝山路,3号线_宝山路.csv,23181.0,7252.0,5481.0,08:10,313.0
8号线,联航路,8号线_联航路.csv,23037.0,9074.0,6477.0,07:45,477.0
1号线,新闸路,1号线_新闸路.csv,22989.0,7681.0,5847.0,08:45,484.0
8号线,浦江镇,8号线_浦江镇.csv,22776.0,8167.0,6686.0,08:30,423.0
1号线,呼兰路,1号线_呼兰路.csv,22701.0,8984.0,5972.0,07:50,398.0
8号线,鞍山新村,8号线_鞍山新村.csv,22143.0,7152.0,6099.0,08:40,329.0
6号线,高科西路,6号线_高科西路.csv,22075.0,8017.0,6596.0,08:45,413.0
16号线,周浦东,16号线_周浦东.csv,21952.0,7533.0,6298.0,08:40,421.0
10号线,邮电新村,10号线_邮电新村.csv,21779.0,7646.0,6042.0,08:20,374.0
2号线,华夏东路,2号线_华夏东路.csv,21139.0,8042.0,5939.0,07:45,430.0
6号线,云山路,6号线_云山路.csv,21114.0,7334.0,6190.0,08:05,382.0
8号线,嫩江路,8号线_嫩江路.csv,20861.0,6327.0,6104.0,08:10,292.0
12号线,金海路,12号线_金海路.csv,20738.0,7715.0,5581.0,07:45,520.0
12号线,国际客运中心,12号线_国际客运中心.csv,20733.0,7986.0,6621.0,08:45,505.0
9号线,松江体育中心,9号线_松江体育中心.csv,20477.0,6545.0,5247.0,07:15,425.0
11号线,上海游泳馆,11号线_上海游泳馆.csv,20121.0,6922.0,6138.0,08:40,386.0
9号线,松江新城,9号线_松江新城.csv,19601.0,6169.0,4933.0,07:35,295.0
7号线,东安路,7号线_东安路.csv,19573.0,6010.0,3225.0,09:15,225.0
11号线,马陆,11号线_马陆.csv,19414.0,6615.0,5259.0,07:45,392.0
6号线,临沂新村,6号线_临沂新村.csv,19169.0,7381.0,5596.0,08:45,380.0
6号线,源深体育中心,6号线_源深体育中心.csv,19081.0,6071.0,5502.0,08:35,375.0
11号线,三林东,11号线_三林东.csv,18919.0,6673.0,5449.0,07:40,309.0
7号线,镇坪路,7号线_镇坪路.csv,18824.0,6367.0,5368.0,08:35,344.0
3号线,石龙路,3号线_石龙路.csv,18796.0,6620.0,5270.0,08:15,335.0
6号线,五莲路,6号线_五莲路.csv,18628.0,5536.0,5600.0,08:10,272.0
2号线,浦东国际机场,2号线_浦东国际机场.csv,18503.0,3944.0,3652.0,11:20,201.0
1号线,常熟路,1号线_常熟路.csv,18432.0,5973.0,4706.0,08:55,268.0
11号线,安亭,11号线_安亭.csv,18253.0,4857.0,5098.0,07:35,244.0
6号线,高青路,6号线_高青路.csv,18199.0,6841.0,5133.0,08:15,421.0
10号线,上海图书馆,10号线_上海图书馆.csv,18145.0,5307.0,4743.0,08:15,233.0
11号线,嘉定西,11号线_嘉定西.csv,18090.0,5713.0,5259.0,07:25,340.0
12号线,提篮桥,12号线_提篮桥.csv,18072.0,6958.0,5233.0,08:50,424.0
5号线,北桥,5号线_北桥.csv,18001.0,6432.0,4914.0,07:20,321.0
1号线,衡山路,1号线_衡山路.csv,17468.0,5345.0,4731.0,17:45,244.0
16号线,新场,16号线_新场.csv,17258.0,5579.0,4685.0,07:35,339.0
8号线,翔殷路,8号线_翔殷路.csv,17236.0,5603.0,4273.0,08:00,261.0
12号线,东陆路,12号线_东陆路.csv,17207.0,6424.0,4876.0,08:00,368.0
7号线,云台路,7号线_云台路.csv,17167.0,5981.0,4498.0,08:20,274.0
10号线,航中路,10号线_航中路.csv,17031.0,6812.0,4684.0,07:55,420.0
3号线,虹口足球场,3号线_虹口足球场.csv,16993.0,6183.0,3929.0,08:55,315.0
11号线,浦三路,11号线_浦三路.csv,16768.0,6140.0,4790.0,07:55,298.0
8号线,中华艺术宫,8号线_中华艺术宫.csv,16596.0,3783.0,4279.0,18:20,210.0
9号线,中春路,9号线_中春路.csv,16352.0,6284.0,4747.0,08:05,323.0
12号线,爱国路,12号线_爱国路.csv,16321.0,5649.0,4710.0,08:05,340.0
10号线,新江湾城,10号线_新江湾城.csv,16307.0,6139.0,4672.0,08:20,316.0
3号线,淞浜路,3号线_淞浜路.csv,16284.0,5369.0,4186.0,18:50,298.0
12号线,金京路,12号线_金京路.csv,16223.0,6007.0,4641.0,08:00,437.0
6号线,东明路,6号线_东明路.csv,16179.0,6001.0,4373.0,08:05,313.0
5号线,金平路,5号线_金平路.csv,15914.0,5165.0,4148.0,07:30,282.0
10号线,龙溪路,10号线_龙溪路.csv,15847.0,5457.0,4413.0,08:35,269.0
7号线,刘行,7号线_刘行.csv,15753.0,5768.0,3911.0,07:40,360.0
11号线,白银路,11号线_白银路.csv,15690.0,5366.0,4285.0,07:30,289.0
6号线,民生路,6号线_民生路.csv,15332.0,5217.0,4515.0,08:10,305.0
11号线,花桥,11号线_花桥.csv,15330.0,4873.0,3630.0,07:20,281.0
3号线,宜山路,3号线_宜山路.csv,15080.0,5031.0,4276.0,08:45,519.0
9号线,洞泾,9号线_洞泾.csv,15074.0,5550.0,3748.0,08:05,365.0
4号线,海伦路,4号线_海伦路.csv,15065.0,4653.0,4463.0,08:30,203.0
3号线,江杨北路,3号线_江杨北路.csv,15030.0,5304.0,4034.0,07:30,356.0
7号线,龙阳路,7号线_龙阳路.csv,14993.0,4821.0,5046.0,18:15,278.0
7号线,罗南新村,7号线_罗南新村.csv,14937.0,4994.0,3978.0,07:25,290.0
11号线,真如,11号线_真如.csv,14920.0,5173.0,3805.0,08:40,250.0
7号线,上大路,7号线_上大路.csv,14909.0,5582.0,4093.0,08:15,285.0
3号线,友谊路,3号线_友谊路.csv,14776.0,5045.0,3682.0,07:50,274.0
6号线,灵岩南路,6号线_灵岩南路.csv,14726.0,5380.0,4246.0,18:50,284.0
9号线,星中路,9号线_星中路.csv,14695.0,4570.0,3971.0,08:05,228.0
6号线,上海儿童医学中心,6号线_上海儿童医学中心.csv,14519.0,5135.0,3414.0,08:10,224.0
10号线,上海动物园,10号线_上海动物园.csv,14192.0,4772.0,3627.0,08:10,324.0
6号线,蓝村路,6号线_蓝村路.csv,13915.0,4738.0,3866.0,08:35,256.0
3号线,漕溪路,3号线_漕溪路.csv,13745.0,4363.0,4028.0,08:45,334.0
12号线,杨高北路,12号线_杨高北路.csv,13739.0,4839.0,3919.0,07:50,276.0
6号线,北洋泾路,6号线_北洋泾路.csv,13339.0,4176.0,3585.0,08:05,184.0
8号线,黄兴公园,8号线_黄兴公园.csv,13251.0,4428.0,3700.0,08:00,216.0
5号线,剑川路,5号线_剑川路.csv,13211.0,4488.0,3728.0,07:30,280.0
12号线,巨峰路,12号线_巨峰路.csv,13209.0,5000.0,4162.0,07:50,283.0
6号线,上南路,6号线_上南路.csv,12995.0,4778.0,3713.0,08:10,257.0
6号线,航津路,6号线_航津路.csv,12843.0,4383.0,3618.0,08:15,263.0
11号线,兆丰路,11号线_兆丰路.csv,12726.0,4122.0,3465.0,07:40,219.0
6号线,东靖路,6号线_东靖路.csv,12718.0,4866.0,3372.0,07:55,319.0
7号线,祁华路,7号线_祁华路.csv,12418.0,4529.0,3135.0,07:45,268.0
8号线,凌兆新村,8号线_凌兆新村.csv,12041.0,4118.0,3341.0,07:55,211.0
5号线,银都路,5号线_银都路.csv,12002.0,4713.0,3708.0,08:10,286.0
3号线,淞发路,3号线_淞发路.csv,11919.0,4424.0,3364.0,08:10,260.0
6号线,华夏西路,6号线_华夏西路.csv,11701.0,4346.0,3100.0,07:35,211.0
7号线,大场镇,7号线_大场镇.csv,11578.0,4288.0,3258.0,08:10,254.0
6号线,外高桥保税区南,6号线_外高桥保税区南.csv,11537.0,4596.0,3272.0,08:40,327.0
3号线,水产路,3号线_水产路.csv,11328.0,4131.0,3008.0,08:15,252.0
10号线,虹桥1号航站楼,10号线_虹桥1号航站楼.csv,11259.0,3640.0,2800.0,08:15,440.0
6号线,巨峰路,6号线_巨峰路.csv,11106.0,3848.0,3369.0,08:05,230.0
13号线,金沙江西路,13号线_金沙江西路.csv,11019.0,4165.0,3131.0,08:30,236.0
9号线,醉白池,9号线_醉白池.csv,10396.0,3195.0,2305.0,07:25,188.0
3号线,宝杨路,3号线_宝杨路.csv,10349.0,3434.0,2370.0,08:00,222.0
6号线,外高桥保税区北,6号线_外高桥保税区北.csv,10321.0,3444.0,2463.0,08:30,159.0
7号线,南陈路,7号线_南陈路.csv,10241.0,3920.0,2625.0,07:55,251.0
5号线,华宁路,5号线_华宁路.csv,10183.0,3749.0,2493.0,07:40,273.0
16号线,上海野生动物园,16号线_上海野生动物园.csv,10042.0,3336.0,2454.0,08:20,184.0
1号线,友谊西路,1号线_友谊西路.csv,10001.0,3615.0,2746.0,07:50,175.0
10号线,三门路,10号线_三门路.csv,9063.0,3634.0,2720.0,08:50,178.0
6号线,洲海路,6号线_洲海路.csv,8906.0,3049.0,2287.0,08:10,190.0
12号线,申江路,12号线_申江路.csv,8721.0,3625.0,2251.0,08:00,243.0
5号线,春申路,5号线_春申路.csv,8664.0,3079.0,2596.0,07:55,148.0
16号线,滴水湖,16号线_滴水湖.csv,8479.0,2185.0,1415.0,15:50,127.0
11号线,罗山路,11号线_罗山路.csv,8374.0,3411.0,2493.0,08:25,203.0
6号线,东方体育中心,6号线_东方体育中心.csv,8344.0,2888.0,2542.0,08:25,173.0
6号线,港城路,6号线_港城路.csv,8167.0,3004.0,2044.0,08:05,181.0
11号线,龙耀路,11号线_龙耀路.csv,7786.0,3001.0,2289.0,08:10,170.0
5号线,闵行开发区,5号线_闵行开发区.csv,7727.0,2829.0,1968.0,07:30,146.0
11号线,上海汽车城,11号线_上海汽车城.csv,7616.0,2597.0,1945.0,07:25,200.0
11号线,云锦路,11号线_云锦路.csv,7376.0,2749.0,2254.0,08:50,206.0
11号线,光明路,11号线_光明路.csv,7236.0,2206.0,1889.0,07:35,131.0
16号线,书院,16号线_书院.csv,6306.0,1657.0,1553.0,07:00,124.0
6号线,五洲大道,6号线_五洲大道.csv,6304.0,1958.0,1457.0,07:10,107.0
7号线,潘广路,7号线_潘广路.csv,6250.0,2176.0,1491.0,07:30,145.0
16号线,临港大道,16号线_临港大道.csv,6000.0,1030.0,1000.0,12:05,82.0
2号线,凌空路,2号线_凌空路.csv,5860.0,2150.0,1489.0,08:00,145.0
10号线,殷高东路,10号线_殷高东路.csv,5760.0,2342.0,1623.0,08:05,141.0
10号线,紫藤路,10号线_紫藤路.csv,5739.0,2020.0,1769.0,08:20,169.0
16号线,航头东,16号线_航头东.csv,5656.0,2038.0,1564.0,07:45,148.0
3号线,铁力路,3号线_铁力路.csv,5602.0,2233.0,1399.0,07:55,210.0
7号线,后滩,7号线_后滩.csv,5401.0,2247.0,1650.0,08:40,167.0
11号线,昌吉东路,11号线_昌吉东路.csv,5267.0,1655.0,1553.0,07:25,102.0
16号线,龙阳路,16号线_龙阳路.csv,5104.0,1841.0,1319.0,08:05,135.0
9号线,松江南站,9号线_松江南站.csv,4797.0,1402.0,1193.0,08:00,82.0
11号线,武威路,11号线_武威路.csv,4587.0,1678.0,1082.0,07:55,107.0
11号线,上海赛车场,11号线_上海赛车场.csv,4576.0,1430.0,1054.0,07:20,81.0
5号线,文井路,5号线_文井路.csv,4459.0,1898.0,1310.0,17:05,157.0
2号线,创新中路,2号线_创新中路.csv,3267.0,1122.0,883.0,07:45,71.0
16号线,惠南东,16号线_惠南东.csv,3177.0,1062.0,715.0,07:05,111.0
3号线,张华浜,3号线_张华浜.csv,3074.0,1073.0,720.0,08:10,68.0
2号线,远东大道,2号线_远东大道.csv,3010.0,881.0,734.0,07:35,45.0
2号线,海天三路,2号线_海天三路.csv,2969.0,1256.0,442.0,08:05,94.0
12号线,复兴岛,12号线_复兴岛.csv,2404.0,764.0,514.0,16:45,80.0
16号线,华夏中路,16号线_华夏中路.csv,1740.0,619.0,605.0,08:45,48.0
